hour,open,high,low,close,impact_p90,tier,base_250,base_500,base_1500,quote_250,quote_500,quote_1500
2026-09-28 13:00:00,0.03504518789090236,0.03504518789090236,0.03443977862820081,0.03443977862820081,1,Ghost,-0.5251210032119139,-1.0313742351572452,-2.8885067423347595,0.5383326365875916,1.0836123628193717,3.3400173233503105
2026-09-28 13:15:00,0.0337400780717899,0.054323941034372124,0.02765254641469622,0.02935693270046144,0.15168109789887904,Very Thin,-3967.998732971532,-7793.425959524811,-21826.571444788788,4067.8304749405156,8188.155599185447,25238.34397423364
2026-09-28 13:30:00,0.029574710633646827,0.03644318681335383,0.029574710633646827,0.035359191953571276,0.06201223422890088,Thin,-4354.791354544157,-8553.113615891354,-21585.5846139248,4464.35449609035,8986.320715453512,27698.527529442366
2026-09-28 13:45:00,0.035153425450644656,0.035153425450644656,0.03147805860377166,0.03147805860377166,0.06005997213516321,Thin,-4108.851609811858,-8070.070822770253,-22601.353793889375,4212.227099902399,8478.812262600775,26134.23472286667
2026-09-28 14:00:00,0.031272649404466245,0.031272649404466245,0.02969751257994544,0.02969751257994544,0.06193377945573875,Thin,-4098.573822409628,-8049.884532265316,-22515.101645158917,4201.690731414625,8457.603555610634,25989.99853987307
2026-09-28 14:15:00,0.028226376392513255,0.02868686265240974,0.027796893600084194,0.027847492436225432,0.04689438337454088,Thin,-6615.745077682155,-13031.270978029022,-36176.15362543916,6668.789276373793,13371.140927404915,41101.47415101815
2026-09-28 14:30:00,0.028607746390872893,0.028986431843482378,0.01920066161009423,0.019617507993893946,0.04518221340528059,Thin,-5450.848489150615,-10677.117923413414,-29849.09401202422,5518.870222431898,11078.983053590537,32232.55333197954
2026-09-28 14:45:00,0.019619708738208133,0.019619708738208133,0.01893858064296754,0.01893858064296754,0.04612275924207383,Thin,-5611.354334184162,-11087.084688054347,-31132.920036554315,5735.396889483394,11544.655468961808,31229.68912884687
2026-09-28 15:00:00,0.01894822164635627,0.020975804920787787,0.01894822164635627,0.020975804920787787,0.03832856138168565,Thin,-6782.328398117852,-13320.965494444725,-37293.56289417529,6978.693254500915,14309.833153464435,43318.095416874545
2026-09-28 15:15:00,0.02095957877384473,0.02095957877384473,0.020219233370080313,0.020219233370080313,0.035686574096752396,Thin,-6905.94149598357,-13563.750230699477,-37160.7220135672,6889.553964694585,13739.231757602802,42056.23162465093
2026-09-28 15:30:00,0.020216937495148062,0.020216937495148062,0.020216937495148062,0.020216937495148062,0.028869794984032415,Moderate,-8561.428471081896,-15756.10663909803,-39306.91453192404,7403.543132985069,14358.964702301071,42645.52890745308
2026-09-28 15:45:00,0.02022236836022259,0.020571659135718224,0.02022236836022259,0.020571659135718224,0.02879702264366024,Moderate,-8128.943952317833,-14729.453578361534,-38531.42343130291,8825.34106278745,15987.300384567301,44624.47941018573
2026-09-28 16:00:00,0.020659761701311254,0.021136393724042173,0.020659761701311254,0.021136393724042173,0.03600179053581494,Thin,-6818.831587772525,-13341.724529467972,-37007.065255583344,8178.909810196185,17229.07560909862,46074.79728217991
2026-09-28 16:15:00,0.0211489705964417,0.021954360965839942,0.0211489705964417,0.021847499545131006,0.028530348744085287,Moderate,-8204.713603883985,-14890.717715644976,-39157.61662844371,8963.9296348653,16241.66281421925,45804.33435795172
2026-09-28 16:30:00,0.021840244623990708,0.02187525284455758,0.020921155149090483,0.0210803256045919,0.03268864808310221,Thin,-8848.950264450548,-16164.476261675372,-40357.55715901275,7695.942793932688,14844.7496604155,43507.25732317985
2026-09-28 16:45:00,0.0210736810836982,0.021324166233453908,0.02103352648720452,0.021313149897404342,0.027889283637252228,Moderate,-8628.219379470518,-15425.489173029346,-39621.05536982351,8616.47810781298,15804.65451314886,44742.053012059725
2026-09-28 17:00:00,0.021318974499280652,0.021502072320983598,0.020535966779529274,0.020535966779529274,0.028644572084535525,Moderate,-8657.916898883013,-16336.02822154899,-40482.205883736766,7106.365375299923,14090.297940244765,42176.075894304544
2026-09-28 17:15:00,0.020518521150158956,0.020518521150158956,0.019621873295558243,0.019621873295558243,0.0369107083038386,Thin,-8137.401892213477,-15910.047544464793,-39804.47650552499,6595.395956549317,13224.7160528809,38812.254330965436
2026-09-28 17:30:00,0.019616568783213034,0.019616568783213034,0.01897632091486202,0.01919363130385823,0.030765177465195047,Thin,-8141.099913281306,-14569.017548769709,-38140.103792091075,7496.192812689922,14049.45864647743,37755.091030944095
2026-09-28 17:45:00,0.019212154205890262,0.019427412388692812,0.01826463372115567,0.01826463372115567,0.04009567603389046,Thin,-7462.463188308597,-13968.397869644703,-36517.21530885069,6556.237885431654,12948.943346672833,30340.65646310655
2026-09-28 18:00:00,0.018276563389738303,0.01910659757565033,0.018276563389738303,0.01910659757565033,0.038798468841532596,Thin,-6462.95899027062,-12768.044599762032,-36252.993926596064,7433.7891453765715,15374.463428705716,39017.24140224636
2026-09-28 18:15:00,0.01911146577236517,0.019246291690490466,0.019024553225311422,0.019246291690490466,0.03165506169674433,Thin,-6716.2426239164815,-13079.607165568481,-36692.35536035551,8490.969154159895,16004.567611686633,40311.79157671292
2026-09-28 18:30:00,0.019236534109529763,0.019501450922390286,0.019116192327702536,0.019501450922390286,0.029788390428040712,Moderate,-7370.935605107739,-13786.673308745289,-37592.34060788331,8651.30922121406,15748.887869725138,41186.04981255703
2026-09-28 18:45:00,0.01950885854818596,0.01961704879608872,0.019416042096665195,0.01955541467551439,0.029323611488524248,Moderate,-7366.468524852707,-13897.334945847722,-37500.771263814066,8861.163460154465,16316.209344119257,42176.802701454755
2026-09-28 19:00:00,0.019565295907216382,0.02041669105234087,0.019521503958851872,0.02041669105234087,0.03524605897384858,Thin,-7237.239974064422,-13865.170051123754,-37675.48821240801,9236.03134437296,17433.874922167983,46370.52166555937
2026-09-28 19:15:00,0.020420257687073576,0.02108505648779491,0.020420257687073576,0.02108505648779491,0.03490386142544075,Thin,-7868.048804730207,-14620.462442367525,-38861.13207259421,8992.922007076584,16937.330606492964,47395.358028756134
2026-09-28 19:30:00,0.02108399498399155,0.02108399498399155,0.020375622679065168,0.020744733155773253,0.033339875084559864,Thin,-7854.972576774383,-14722.034428732575,-39350.83692971242,9580.482150841133,17819.59015031391,48200.25102916408
2026-09-28 19:45:00,0.020748946307981762,0.02118538267372574,0.020748946307981762,0.02112519494106618,0.03393517574449898,Thin,-7994.733282867106,-14874.389382597294,-39574.18030520871,9488.717668823772,17820.733492027775,48798.7655770668
2026-09-28 20:00:00,0.021135257843812386,0.021621944046615348,0.021121186543946572,0.02158098196331084,0.027060984606775085,Moderate,-7887.848241855905,-14771.511541179168,-39507.94455935964,9489.174735865294,17693.800709202013,49573.426009160925
2026-09-28 20:15:00,0.021578647834298192,0.021759734870404508,0.02147419308006157,0.021705389468957885,0.026934072764298066,Moderate,-7444.545480389858,-14320.273502790791,-39069.300375629966,9502.766183287378,18170.691984390065,50212.4957320681
2026-09-28 20:30:00,0.021701228751555696,0.021872561521319604,0.021606537067265823,0.021872561521319604,0.026888856710219677,Moderate,-8425.050295504208,-15305.407119682442,-40035.95905565659,9467.73937108876,17236.708451596296,49556.057838185414
2026-09-28 20:45:00,0.021863231101050744,0.021929695938671504,0.021725590918078616,0.021764659152431958,0.02662819632388258,Moderate,-8931.821008841007,-15872.40182877298,-40632.69145344716,9153.77549754964,16881.364448094133,48861.051339076424
2026-09-28 21:00:00,0.021759046006480442,0.021759046006480442,0.021408335502656473,0.021535687603045202,0.026692487019487253,Moderate,-9270.465003627227,-16718.865313404698,-41471.61331465447,8310.642880465271,16012.640296931198,47692.539507260924
2026-09-28 21:15:00,0.02152812259907169,0.021535829297070916,0.0212937800023812,0.0212937800023812,0.033520547342121246,Thin,-9076.193471259116,-17403.532085299998,-42194.27543119297,7551.196594307791,15373.996951259667,46597.004786559875
2026-09-28 21:30:00,0.021288185939755143,0.021630077813098756,0.02128001501585333,0.02161908272382494,0.03325196579324212,Thin,-7882.276662175641,-14848.103482560888,-39596.373962642465,9693.27448728054,18048.47236831005,49856.21872219819
2026-09-28 21:45:00,0.021615017590011824,0.02166575355542489,0.021492572909418473,0.021492572909418473,0.0262924123995087,Moderate,-8735.411330295543,-15849.091245219743,-40615.143928816695,10086.92952497387,18011.064907319367,49608.65537409191
2026-09-28 22:00:00,0.021496200130403993,0.021590806603288736,0.021315837437975688,0.021315837437975688,0.025171505587980668,Moderate,-10033.391297670281,-17245.870891216993,-42039.22305243332,10189.405485480149,18306.170207154984,49550.37047988611
2026-09-28 22:15:00,0.02130971890099108,0.02130971890099108,0.020720846170600635,0.02100901588136736,0.02642276792642284,Moderate,-9067.314155075486,-16372.843658001633,-41308.86472689211,9754.176113606309,17744.58624098085,48724.27443664445
2026-09-28 22:30:00,0.02101594416306789,0.021248391130521807,0.02101567117659225,0.021244705794040256,0.02491746966683035,Moderate,-8104.256102792183,-15300.424741155,-40173.45660408504,10068.05992440245,18900.08269519076,50291.64487728475
2026-09-28 22:45:00,0.0212405640634531,0.021242367380327885,0.021148628903213996,0.0212164726618499,0.02426527113491479,Moderate,-8356.614231437285,-15586.51780312717,-40469.77087512449,10466.916818567142,19295.511320862945,50677.37977425919
2026-09-28 23:00:00,0.021225043590545025,0.021415654587046154,0.02121410960969579,0.021369364184945134,0.02346178721000931,Moderate,-11285.392682792999,-18419.116108506627,-43321.39865252552,12021.60064529292,19905.898381261824,51590.143715028746
2026-09-28 23:15:00,0.021375238190512937,0.02148332010334077,0.021318842023151346,0.021419889042296924,0.019665273903967904,Moderate,-10836.710136130458,-17939.567315588065,-42838.57855331423,12470.70069863561,20248.867077138693,51695.233624557135
2026-09-28 23:30:00,0.021415655767971394,0.021497055477581545,0.021380027777833474,0.021470230155043464,0.019603702491469078,Moderate,-10511.93534520547,-17659.077035923892,-42570.84320187192,12888.298681518138,20909.186922083107,52455.46274181885
2026-09-28 23:45:00,0.021474271297018042,0.021745446630059277,0.02145387721562976,0.021745446630059277,0.019296679167080555,Moderate,-7948.7793655758915,-14935.984340443929,-39839.48138164004,14377.883668985138,23852.387750979567,55647.685792352226
2026-09-29 00:00:00,0.021748493664022997,0.021958310092591804,0.021457567879204293,0.021457567879204293,0.03190226472488811,Thin,-13028.64067190087,-21293.897142050348,-46218.181012737434,9623.344789444285,17344.210400941673,48722.579483447545
2026-09-29 00:15:00,0.021463675973465077,0.021693266345760534,0.021463675973465077,0.021632952937193216,0.016419539172428044,Moderate,-11755.229511418453,-19076.47845398694,-44460.41339368541,12227.660812584858,20194.599884759533,52435.55847984618
2026-09-29 00:30:00,0.021621594686907164,0.021892960676275473,0.021598868895627604,0.021888703320108952,0.019505745481336413,Moderate,-10693.033184111191,-17794.320245437895,-43160.31907763005,13247.927230270185,21521.66506678064,54075.99273470292
2026-09-29 00:45:00,0.02188791988209623,0.023491718596301434,0.02183395513825348,0.02315458221189784,0.03320712250287168,Thin,-9324.01712950766,-16489.03044377606,-41402.553249860495,9968.631159882614,19329.202879123022,56601.72761180353
2026-09-29 01:00:00,0.02316503349543779,0.02316503349543779,0.022426242377271203,0.02265217333350108,0.02493146786134748,Moderate,-10577.383659398389,-18798.273061735938,-44418.985263407936,10948.984580345035,19546.26877571801,52914.2932049773
2026-09-29 01:15:00,0.022648243421269185,0.02328124762044544,0.02254047694532795,0.023227986845937278,0.022797052683533204,Moderate,-9947.827712220214,-17557.692397453124,-42443.84077131711,11339.793583336224,20790.353245552098,55185.50690880338
2026-09-29 01:30:00,0.02321575510138783,0.023535726765302446,0.02309002374384737,0.023437871483571286,0.02274206890706374,Moderate,-8984.181323681436,-16841.680737332554,-42150.63164063872,11158.463704744254,20776.859716774336,55578.94182743563
2026-09-29 01:45:00,0.023440698568285095,0.023692535758339444,0.023420540877087972,0.0235070756843733,0.023766136822980566,Moderate,-10618.113360950007,-18442.887727602858,-44454.781954656246,10289.00987297475,19012.996741599443,53707.7701092928
2026-09-29 02:00:00,0.0235123601241368,0.024512356571139253,0.023245345120514977,0.02450625655601216,0.0295356892391472,Moderate,-7993.536731497578,-15485.351422333528,-40746.18599248822,9330.941508918404,20846.28514343296,57747.62489852182
2026-09-29 02:15:00,0.024488129310436185,0.025267069828289457,0.024013027999512365,0.025238528423215063,0.030723039482609148,Thin,-7741.66791296596,-15011.188330372397,-41577.69397217008,9775.092265998317,20434.09109020057,56407.694227285945
2026-09-29 02:30:00,0.025204574980569307,0.025409080948623826,0.023476021044072343,0.02411059764072544,0.03205428874256459,Thin,-9324.879754767513,-16579.63547160871,-41593.09829359624,9969.605121374183,17973.630805422905,51631.393035522226
2026-09-29 02:45:00,0.02410857811654326,0.024958159766192138,0.02409786338107481,0.024892038193973343,0.0319424420030419,Thin,-8102.120013307688,-15135.452265026352,-40249.20399149646,10313.685040527784,21713.582932957925,64370.570484935095
2026-09-29 03:00:00,0.02489936793724892,0.024964131838690663,0.024129049707154744,0.024164684590987886,0.024595687464038996,Moderate,-11491.349575228054,-21101.08993963966,-46576.702024072874,9663.521290702662,17532.79501836611,50618.070663922445
2026-09-29 03:15:00,0.024142486007924367,0.024621136889972736,0.024098081298438906,0.024220766502496556,0.02130012380660844,Moderate,-11692.028690090034,-21142.69941034729,-46519.054839347984,10096.94636969982,18108.01083923799,51259.40810040765
2026-09-29 03:30:00,0.024225727038674212,0.02423855955850506,0.022873525373248684,0.023675165949648556,0.033127485081854924,Thin,-10549.600919396718,-19238.10279567657,-45996.832222996825,10014.643772498619,17998.15313312225,51153.03898395917
2026-09-29 03:45:00,0.023681488548857828,0.023687816128291142,0.023386935089616336,0.023393043217713787,0.0247788568212318,Moderate,-11043.800855490568,-20236.14403599578,-48137.762712024836,9416.16431842615,17657.012074183112,51221.05564662493
2026-09-29 04:00:00,0.023398181708162786,0.023757191674094243,0.022962503676533113,0.023738832676955927,0.02992106703124233,Moderate,-8300.06120787698,-15930.534829267126,-41417.42109946634,9875.42926699563,19958.456262015567,53453.77580617928
2026-09-29 04:15:00,0.02374255213171516,0.02407672898987998,0.02374255213171516,0.023986377202425618,0.028833030203119912,Moderate,-8394.509077342167,-15976.43099300844,-41342.44936086073,10744.27830490114,20166.629700171852,53882.068492225015
2026-09-29 04:30:00,0.023989626029663008,0.024491770268598015,0.02391395156683229,0.024420067807828436,0.023899208685553352,Moderate,-10959.827793434079,-20195.046901587346,-46143.74145789431,13198.412022567849,24820.257657605653,61360.635776333285
2026-09-29 04:45:00,0.024418218089581632,0.02443487062882053,0.02407326554392278,0.024284848730007007,0.018786467362110027,Moderate,-11672.913625483452,-21253.17360603982,-47469.51988334856,13253.031005350847,24213.129119972236,60183.0585833877
2026-09-29 05:00:00,0.024289263236726644,0.02433095297244861,0.024100472244756574,0.024174505446735037,0.01831601248093919,Moderate,-12211.328731498117,-21847.54493384543,-48507.13855012718,13047.444613462489,23306.76466089847,59027.832095576945
2026-09-29 05:15:00,0.02417979061452481,0.024185076359988143,0.023212032005399463,0.023370443323178364,0.02351050606312286,Moderate,-11864.290158462569,-24033.814871342096,-54232.748221558715,9812.523150835757,18447.802081901948,52674.62819422291
2026-09-29 05:30:00,0.023376198396013837,0.024130489816127695,0.023366836277195636,0.02406982660319658,0.02243093785046759,Moderate,-12957.514770223714,-22646.60413796516,-49725.50088484384,12506.592830627083,22579.95991862533,58074.58015584237
2026-09-29 05:45:00,0.024064664544516126,0.02416666099524591,0.023164006562568538,0.023201139216795827,0.02214475134128424,Moderate,-11520.485411754082,-23558.765891926647,-55294.87127343629,9062.615510670059,17615.309949654264,51555.48398303599
2026-09-29 06:00:00,0.023197868298980663,0.023203879852300678,0.021853730557687984,0.022135192847536244,0.03050637180481437,Thin,-8174.811102181592,-16754.802183211053,-54739.47431502995,8775.406663792464,17112.779712961503,49000.986304089834
2026-09-29 06:15:00,0.02213501610000407,0.022467535983015523,0.02212296773179627,0.022467535983015523,0.02800511740537064,Moderate,-8660.839319870944,-16667.018964329287,-48511.32714997751,9039.649400274819,17636.031933993712,50215.087093190086
2026-09-29 06:30:00,0.022470920329416756,0.0227107606269929,0.02236281260122954,0.022393458357233643,0.028065198367276292,Moderate,-8851.355839264004,-16804.428275267328,-48670.42575321897,8889.310331094275,17428.28336752798,49861.028613292205
2026-09-29 06:45:00,0.022383720958572585,0.023046264023017154,0.022383720958572585,0.02303798246297429,0.02702069652847412,Moderate,-8776.914762452549,-18800.91783329689,-48182.38601036243,9592.368056941188,18282.101087160117,51930.117905719366
2026-09-29 07:00:00,0.023041390703764864,0.023182168244731953,0.022766394107285162,0.0228685037494951,0.02655173139124729,Moderate,-10795.600177015385,-21950.604964694878,-54742.62858713814,10901.793404475853,21056.07196085823,54395.96237513178
2026-09-29 07:15:00,0.02287541428643113,0.022892670384925453,0.02249042702190745,0.022568091153235808,0.022775461855099842,Moderate,-10330.958557674083,-20555.40310160986,-55438.39849265923,11057.271147652134,20209.741464855477,52983.14882786302
2026-09-29 07:30:00,0.022563900421016084,0.02348546885939532,0.022563900421016084,0.023213357933677566,0.022417757574061524,Moderate,-11797.59239148333,-23597.204949708168,-54024.843260162124,10831.139131191643,21475.945992855406,56618.03295242312
2026-09-29 07:45:00,0.023219123671502823,0.023552117181996065,0.023185459367492518,0.023227025225372164,0.021298781572732572,Moderate,-11824.580315871199,-23638.39527749386,-53982.51884141777,10872.735296480341,21538.22808514736,56780.97126115502
2026-09-29 08:00:00,0.0232299170517129,0.023575650068683156,0.023078122738225435,0.023518066188897572,0.022166886317350264,Moderate,-12255.019677331298,-23578.78459122547,-51915.89651143953,11711.594439090126,22633.8313819565,59532.91271307549
2026-09-29 08:15:00,0.023519090533844406,0.02392521758496499,0.023447670164257035,0.023507289456947023,0.021756545605516764,Moderate,-11865.265342755003,-22795.89703764875,-49887.35815208627,10808.21220381579,21265.060478981206,56958.67497509819
2026-09-29 08:30:00,0.023516714368338524,0.023725688502233888,0.02336586424980879,0.023409551133912708,0.022068639971943305,Moderate,-13943.326214621453,-27345.20824866844,-62099.13146413867,12943.222260182041,25350.34219091536,69423.75760667169
2026-09-29 08:45:00,0.023406882649762747,0.02355213491470463,0.023348396148358375,0.02344188359028441,0.018565405211533204,Moderate,-14005.70577303579,-27280.695738539343,-61910.75565551185,13026.19078138194,25442.31253624054,69661.2307408733
2026-09-29 09:00:00,0.02343517446059636,0.023601225809039325,0.023370969776955235,0.023593799703381553,0.018567726904716995,Moderate,-14798.939104208936,-27848.762118282422,-61895.61271993043,13945.638540592623,26990.263849070656,73419.7638794862
2026-09-29 09:15:00,0.023597685757763016,0.0236490052811389,0.02343927327919009,0.023604257054013544,0.018146660083062427,Moderate,-15429.679379144929,-28450.18641911358,-62457.15355198454,13142.909149240106,26211.00799730347,72697.33322076255
2026-09-29 09:30:00,0.023603858742607592,0.02361699260626956,0.023445804754631098,0.023486806065403765,0.018295845127216492,Moderate,-14670.912629558377,-28248.6513622367,-62761.211625852506,13658.235622999382,26701.857401574893,72564.39289408716
2026-09-29 09:45:00,0.023494353913156848,0.023716031168042898,0.023477649693860958,0.02367041678808697,0.015807287045880747,Moderate,-15780.912107349382,-28754.77413061291,-63035.81095115749,13826.576499650102,27196.979749182698,75152.61603748551
2026-09-29 10:00:00,0.02367477593807636,0.02392521984360065,0.023669423973220537,0.02386828224313809,0.015190448227118791,Moderate,-15544.301414469603,-27543.255385747394,-61156.66823256864,15127.783568511475,28651.9805022549,77798.3981120705
2026-09-29 10:15:00,0.02387530180670451,0.02389912395072966,0.023347907087163527,0.023404478693799226,0.01686116107275142,Moderate,-15874.375518702594,-30288.363081117546,-65788.8659242059,14512.212371179126,28701.29067280868,75348.76106750414
2026-09-29 10:30:00,0.023408594150522474,0.023447449546071353,0.022934295691416022,0.02305068538231332,0.017546397953163595,Moderate,-13661.215474808845,-28301.102095785525,-66840.34987278859,14180.496258114841,27683.355094443137,73624.93709287941
2026-09-29 10:45:00,0.023058630041917293,0.023394066594170725,0.023041263116898098,0.023151012515394476,0.016991935243616706,Moderate,-15207.67172475193,-29944.0900267113,-67558.46033072234,14104.497065939013,27915.765458041307,74617.96021880208
2026-09-29 11:00:00,0.023150013882208404,0.023297372074985518,0.023092988616655485,0.02322614882788026,0.01635857775395868,Moderate,-15298.069202585302,-29960.04222000233,-66890.55964472954,14324.765158980965,28250.063984838394,75348.42591533888
2026-09-29 11:15:00,0.023232952635048824,0.023308838796556187,0.02317966297397833,0.023272329015463653,0.016340452808593753,Moderate,-16584.151086366204,-31606.321348290418,-68080.9510729755,15708.381984424317,30769.0531999286,78090.35259002793
2026-09-29 11:30:00,0.02327534832317992,0.02345780683828303,0.023235528411222606,0.023355963978116605,0.015079732640666865,Moderate,-16828.30499945023,-31596.3428694031,-67305.04472534193,16079.875986111565,31501.338253654434,79256.38325561829
2026-09-29 11:45:00,0.023360897924772,0.023497920637260986,0.023101106878475854,0.023263052259706547,0.014809783605359029,Moderate,-16818.973494841477,-31883.752708732798,-68443.23977961548,15922.137178750783,31114.35893435536,78298.38351046323
2026-09-29 12:00:00,0.02325682673054567,0.02333218748393237,0.02312136454275238,0.023325863086605305,0.01475140487848985,Moderate,-16861.75908462326,-31726.01086122438,-67710.56122740291,16121.683275522677,31560.070519793313,79118.68793019935
2026-09-29 12:15:00,0.023323414351489647,0.023534042705827412,0.02328401284506677,0.02347404761390412,0.015091395406745645,Moderate,-16861.967389484813,-30768.190442596737,-65896.52331221316,16310.488776257362,31993.60080112899,80768.69500907305
2026-09-29 12:30:00,0.02347603050631342,0.023623534817353513,0.023385188039954256,0.02352441650369043,0.015051787414881269,Moderate,-18535.508429900307,-30796.46024819992,-65711.26282752659,19280.08199125328,34992.46638273078,84240.93917905453
2026-09-29 12:45:00,0.023522077863122014,0.023647436153749483,0.02348017559309796,0.023549392278410408,0.012494332520867379,Moderate,-18802.7935661205,-31065.312273597716,-65998.70588337965,19653.987079539285,35410.34088344747,84661.22281938672
2026-09-29 13:00:00,0.023551343581189127,0.02360002653599352,0.023361364136286773,0.023485846081587824,0.012000533651902057,Moderate,-19605.764915979318,-31950.613995876134,-67153.3749591009,19069.932189087824,34791.420648006424,83452.35956925934
2026-09-29 13:15:00,0.023484446004228398,0.024892562279580442,0.023473983277662685,0.024581254106835784,0.018711385329845332,Moderate,-11796.79298971429,-21544.39388669339,-56948.90395028179,14834.517337246849,35237.447024910034,95245.56650341627
2026-09-29 13:30:00,0.02459058415778572,0.02498740829236376,0.024291565622301354,0.024755877296396327,0.016385512536685787,Moderate,-13485.548031208968,-23296.09051367031,-59218.516097656335,16889.612902022196,34896.70758348088,95797.56008608929
2026-09-29 13:45:00,0.024761976787691188,0.024952495683171455,0.02466913253945596,0.024823523235534613,0.014830588949742762,Moderate,-13410.582250079819,-23942.828169724948,-60117.812752208585,16411.742785495273,31659.022183691915,85513.61252941015
2026-09-29 14:00:00,0.024830359781540908,0.024830359781540908,0.02421281448183431,0.024412498471633962,0.015315814410945715,Moderate,-15998.114997974268,-27079.54510254075,-62244.90638218012,15377.642410191218,27993.206717484176,76912.26406222553
2026-09-29 14:15:00,0.02441875292250223,0.024647336916845914,0.024315682121834464,0.02444804028279158,0.014851307616129183,Moderate,-17505.722149020647,-29618.351360587953,-64872.608148555926,17030.53817576499,30321.480869620307,79370.78445195341
2026-09-29 14:30:00,0.024451376522359555,0.024466291409962444,0.024193116629700084,0.024371634011977897,0.013736717349067451,Moderate,-17663.83115436989,-30323.413363268217,-65386.6002824608,16671.88300368609,29647.18160216484,78424.090237016
2026-09-29 14:45:00,0.02436694447382035,0.024886440844675728,0.02421993147668895,0.024854765926173503,0.013530371630399541,Moderate,-14664.218345567573,-25235.96083293404,-61558.48885590776,18488.938232544577,34260.48972417159,84385.11611489108
2026-09-29 15:00:00,0.02485182100378551,0.026182476059743266,0.02478125077118917,0.02549170573923075,0.020963430962053886,Moderate,-12457.437773011452,-21698.104752277744,-61044.63763539375,15780.517749892393,30784.03063499279,84298.31594052186
2026-09-29 15:15:00,0.02549185723937034,0.025552413514649455,0.02487142216061254,0.024928054859107734,0.015726323518034713,Moderate,-16064.443004910623,-26523.876368843186,-63195.15917401946,16782.147893680667,31691.408213611605,81529.29883623737
2026-09-29 15:30:00,0.024923209314860847,0.025259235812101682,0.02342809967695823,0.023688937108181235,0.01674789936694574,Moderate,-14444.981852063223,-29321.861226623787,-69894.65064330623,12164.57869430831,23885.073455822097,69772.69066012658
2026-09-29 15:45:00,0.023686645588574987,0.02441227352325138,0.023657196790517702,0.024403548407083878,0.016923018987644055,Moderate,-15110.029038975306,-27701.57178888368,-63001.955623600705,17634.25843072709,31515.410510330123,80068.51791840767
2026-09-29 16:00:00,0.02439949017378409,0.02547966646243618,0.02420120968768271,0.02443796510420138,0.017149113093103387,Moderate,-16337.148208977456,-29972.497509128403,-65560.6628072553,14742.927574974312,28081.984484464836,77207.80201610748
2026-09-29 16:15:00,0.024430510846656713,0.024430510846656713,0.023090980743818528,0.02348240338148387,0.0177545572951066,Moderate,-14017.67821974607,-26243.11537787453,-63624.11253405782,13732.665011459316,25719.52314012262,71346.09033428723
2026-09-29 16:30:00,0.02347838025142389,0.023819616469083635,0.0233743371717653,0.023458307873077427,0.017187982303506533,Moderate,-15823.194082010863,-29428.25785203332,-66846.29093816926,15385.854953114402,27980.782557528106,73529.5048703324
2026-09-29 16:45:00,0.02346475251216103,0.02369285801300811,0.023175258418781597,0.023604218679764626,0.016095683539564854,Moderate,-15994.69075744825,-29081.122189264992,-65838.5658018269,15516.808820867427,28681.02704597791,74697.68102881708
2026-09-29 17:00:00,0.02361289714515408,0.023664894903115064,0.023355611823198882,0.023390796016244764,0.015575028431646886,Moderate,-15873.353020263996,-29868.459638894885,-67589.361197735,15094.362358375694,27423.69906366131,72751.62596235758
2026-09-29 17:15:00,0.023384129998721376,0.02343080097148355,0.022975428079402834,0.0230603398082413,0.01744118262577694,Moderate,-15173.823633073398,-29866.979105296912,-70149.50453938647,13631.434631459186,25188.029976932503,69548.13942357892
2026-09-29 17:30:00,0.02306433439003686,0.023439475975754475,0.022975237593805715,0.023414787842438983,0.015417651363412287,Moderate,-14235.888958089026,-27427.271775618414,-64625.48178831873,16201.00588797798,29224.45303545876,74629.95923991215
2026-09-29 17:45:00,0.023409643422760664,0.02373242163866154,0.02329989932955262,0.023676100916022846,0.015239084518087776,Moderate,-15458.485510535458,-27906.831283456766,-64206.59269121907,16287.276128001808,30001.663936875746,76049.35199697575
2026-09-29 18:00:00,0.023682533255457962,0.023883438319556905,0.02359632765178499,0.0236038451373229,0.01505785280503567,Moderate,-15928.96687698644,-28705.82906839054,-65288.45823856811,15659.148627921273,28867.96911926429,74689.35508172683
2026-09-29 18:15:00,0.023603563804774862,0.024471672551778827,0.023603563804774862,0.02429385067264909,0.0163486473107314,Moderate,-14189.517428920313,-25527.415900060594,-60825.6892768032,16698.71683094772,31519.910638686102,81231.14010229439
2026-09-29 18:30:00,0.02428946458284141,0.024462813642976637,0.024159640037329275,0.02443844984569291,0.014535717771013923,Moderate,-13074.799094745886,-24118.724688738042,-59753.659738152295,17020.68417232589,32351.37528945519,83110.3267452226
2026-09-29 18:45:00,0.024433117578369475,0.024557805904681446,0.024369355440508677,0.024526886709898135,0.014476333494240467,Moderate,-12308.290070905532,-23221.461298754406,-59096.167994130396,17227.90798464167,32867.21019871583,84273.62268667856
2026-09-29 19:00:00,0.02453041300294693,0.024562712130576633,0.023891404167218112,0.02401477855042412,0.01493077026658145,Moderate,-15775.087247560128,-27386.68883121503,-62749.89739349125,16246.6569772826,30559.485254378626,78422.94801554887
2026-09-29 19:15:00,0.024004670309325498,0.024019904887675643,0.02368547098720302,0.02376884271258715,0.014903595372693168,Moderate,-16431.245157222198,-29136.650603583967,-65069.19252761712,15126.14092762697,29066.256436997635,75721.0500665086
2026-09-29 19:30:00,0.023765901302420425,0.023944140788748017,0.02372118737528061,0.023873963108629673,0.01483206451393575,Moderate,-16403.931857047923,-28322.298020620256,-63896.40126628246,15648.55071430744,29957.78886867929,77071.74751317443
2026-09-29 19:45:00,0.023877467614353158,0.02389458839450663,0.023650469895790092,0.023719721637470364,0.014805766200831405,Moderate,-16747.633296023432,-30091.90150529614,-65136.76577068305,15183.805152814148,29142.291660692055,75632.2996471925
2026-09-29 20:00:00,0.023723854603113388,0.02384035874406214,0.023699737430984,0.02380625303105105,0.014569922638229649,Moderate,-16735.782862117157,-29330.413533116327,-63998.33060784044,15620.543200422635,30014.332796587372,76794.51200019495
2026-09-29 20:15:00,0.02379871975087647,0.02408098265376536,0.02379871975087647,0.02395712466933872,0.014525756430623815,Moderate,-15462.306446825613,-26812.585862765907,-61129.59053355071,17535.829255607856,32208.562933252106,79991.93403272923
2026-09-29 20:30:00,0.02394946498516887,0.02403178622857453,0.02386900056511976,0.023913485456597834,0.013123324376565493,Moderate,-15928.372998034116,-27609.243208417876,-62434.017879527906,17313.15985279885,32080.160258320157,80036.8290974013
2026-09-29 20:45:00,0.02391037171864544,0.02400406018591034,0.023781801045890345,0.02393655206521024,0.013047663471237958,Moderate,-15793.025214108598,-27321.19311906886,-62101.80455687177,17530.305949057212,32311.7148384225,80447.11826660334
2026-09-29 21:00:00,0.023936172782501472,0.024259194041552575,0.02393606172213905,0.024230951830324865,0.015538510538850803,Moderate,-14096.7037291384,-25067.542673730117,-59989.09736713429,18305.56170055933,33604.28899827869,84012.10355740448
2026-09-29 21:15:00,0.0242253550724105,0.024295339944189018,0.02417453434812215,0.02424097321457219,0.01552864925890507,Moderate,-15832.05034536196,-26784.820487856712,-61728.737904835405,16560.222726602802,31555.24940870361,82040.16592290321
2026-09-29 21:30:00,0.024237554801577344,0.024501508851404882,0.0242075034447135,0.02447825569930637,0.0124308414179648,Moderate,-12950.01378732306,-23401.749053198168,-59052.09154605233,18777.680246128526,33971.94142438214,86322.92318521658
2026-09-29 21:45:00,0.024484091746929275,0.024497441325776022,0.024315008852358495,0.024460409768949785,0.012341225828343095,Moderate,-13225.045875054266,-23693.77095455723,-59283.44548597586,18703.277603538827,33884.62524449395,86093.53918366738
2026-09-29 22:00:00,0.02446642822740796,0.024651786933393177,0.02441215593004834,0.02450564800545346,0.018480780284636955,Moderate,-12706.356716727094,-23131.996305813907,-58875.48464221211,19041.125447790524,34157.25228367195,86726.19790883269
2026-09-29 22:15:00,0.02451124244677079,0.024541938374979994,0.02434706042855163,0.02440422474173259,0.012314851590892406,Moderate,-14144.032685667913,-24717.011694862285,-60115.765671962625,18106.76416864343,33180.22804187996,84941.52565175024
2026-09-29 22:30:00,0.0243987454140738,0.024465712443243304,0.024334996644473913,0.024373727141349017,0.012313983103926285,Moderate,-14593.968125555579,-25266.93232941735,-60562.10606508611,17974.956833034707,33042.897563414204,84561.01033668748
2026-09-29 22:45:00,0.024376717046831056,0.02447146310431729,0.02406522826738822,0.024085508787021752,0.012193246934848467,Moderate,-18294.248574245474,-29628.79340804527,-64226.737184718935,15131.293377020364,30005.59528786156,79293.20074335106
2026-09-29 23:00:00,0.02408726595838948,0.024095527351878386,0.023968062859537658,0.02406550645825789,0.01609171501761957,Moderate,-14662.268066668828,-25930.96525091452,-60484.42406109622,18780.69507416978,33642.54169855222,82775.64166820889
2026-09-29 23:15:00,0.024072837444703857,0.02431161019486082,0.024046172139917867,0.024131937357031615,0.012468171498618208,Moderate,-17686.310118943933,-28835.568345746917,-63536.79397173643,15755.789137250102,30658.981818965254,80304.7954501375
2026-09-29 23:30:00,0.024138057822602612,0.024179926046610584,0.023901482975297737,0.023908991373437997,0.014151724943753496,Moderate,-18717.057489605606,-30579.096579233857,-65412.52000621007,20216.000116479758,37693.02394136821,85885.88145049104
2026-09-29 23:45:00,0.02391414271893256,0.024017174443672216,0.023862488163366648,0.023925073340611447,0.011409135133107595,Moderate,-17887.825393732244,-28925.1845991925,-63727.8266198936,19828.124880932442,36509.089526269345,84794.97029525189
2026-09-30 00:00:00,0.023921522592556574,0.0239731599339665,0.02374403933977914,0.023757066618301806,0.011379567369698407,Moderate,-19208.941493795406,-31812.273310255743,-67000.27812901228,18209.77285939739,34110.64762875173,81247.15899481457
2026-09-30 00:15:00,0.023751998903913014,0.023821853930103654,0.023360137178087277,0.02338440380155763,0.012102030736916491,Moderate,-17855.172375906335,-33574.884104477445,-69731.34636438788,18594.579487966683,31593.55185362648,77469.63259704916
2026-09-30 00:30:00,0.023385352504354775,0.023396164276329217,0.023243925225970123,0.023284132788767883,0.011710400302329883,Moderate,-18710.164474208937,-34394.62979363356,-71562.55333702311,17929.681562982147,30101.067494271152,75635.75510103352
2026-09-30 00:45:00,0.023287097845437657,0.023678389386895402,0.02327879231299682,0.02363539529785215,0.011894088772147792,Moderate,-19656.64278255255,-33309.28654635857,-68798.62374381599,17387.056221146813,32413.560138768913,79130.75404754645
2026-09-30 01:00:00,0.02362672946349705,0.02368137410526048,0.0235457893321263,0.023597699858893165,0.012118359660145517,Moderate,-20945.456581057126,-34930.56887436521,-70518.61630354976,17737.90179086415,32430.441968240313,79020.72567393487
2026-09-30 01:15:00,0.02360339101623336,0.02364662809290576,0.023485410247549833,0.023520706318252614,0.0115805546330078,Moderate,-17058.642418683103,-31721.946104193205,-67507.99903514511,20129.190400433567,34204.27161599081,80535.02384184516
2026-09-30 01:30:00,0.023514713623026966,0.023655245204309006,0.0234939528142001,0.02360805241816395,0.012036074615041858,Moderate,-19791.54549940593,-33685.37784686206,-69246.3281601619,17247.965061613984,32023.45196035106,78648.59998363387
2026-09-30 01:45:00,0.02361363911782937,0.023729505616391203,0.023574341697618045,0.023667262734703768,0.01184383203049355,Moderate,-19535.625574551785,-32919.57817849021,-68302.78950841769,17504.48446567786,32753.593715703955,79561.45895724643
2026-09-30 02:00:00,0.023661368745097763,0.02367803344362617,0.023460504625784744,0.023475143928837757,0.014312153643118797,Moderate,-17170.875027265887,-32247.49682223663,-68131.88632970455,19496.928307268412,33190.59335884988,79361.86208411178
2026-09-30 02:15:00,0.02347704406086878,0.02352784590393628,0.023370435874916957,0.02349068532803015,0.011782472950731381,Moderate,-17060.550272250322,-32000.518531584163,-67844.82688345638,19636.271838731398,33456.00018532982,79678.86282474124
2026-09-30 02:30:00,0.023483155789375532,0.023890233267957882,0.023452476894127067,0.023876041779705395,0.014111869102026863,Moderate,-16989.282055339965,-28499.608501040446,-63354.36974612978,19489.556687562734,37464.290802773125,85187.84138181509
2026-09-30 02:45:00,0.02387203005216566,0.023887090905892902,0.0235723097384809,0.023592780776437446,0.014075861560554204,Moderate,-17960.687728533405,-32190.44694532059,-67852.8694868581,20206.088251660505,34983.31944960746,81544.69230147213
2026-09-30 03:00:00,0.023595729767239074,0.02368639922604684,0.02356887948403979,0.02362625300074577,0.01347140204495001,Moderate,-17908.42060462563,-31850.438110407486,-67416.29161565157,20345.42720658208,35410.64762780556,82082.84233199929
2026-09-30 03:15:00,0.023626237356046742,0.02366096061767158,0.023526463470400404,0.02361537219410648,0.013549860908156486,Moderate,-17922.457220905013,-31960.403108823604,-67558.69360117822,20302.044822472886,35275.17449099691,81911.35298327018
2026-09-30 03:30:00,0.023612007025096332,0.023758467826962882,0.02357319089895332,0.023728770164669993,0.013473247154373392,Moderate,-17701.578780046057,-30740.19950071552,-66000.20270727709,20581.923120443043,36709.440719562255,83720.56788341039
2026-09-30 03:45:00,0.023733460815967777,0.023959807322950305,0.023691242801339947,0.02387937303617803,0.013697557269977123,Moderate,-17722.692912420407,-29608.78280195856,-64457.39875403627,20455.040403000527,38962.67642167526,86749.2433957846
2026-09-30 04:00:00,0.02387617678499166,0.024106586334748947,0.023869132931771703,0.024082120418828887,0.013671985900650463,Moderate,-16751.002479693005,-27860.15764410769,-62422.631819104376,18901.37884961991,38719.42468258447,88844.3639760501
2026-09-30 04:15:00,0.024086290292579977,0.024117171312656685,0.02399976970250237,0.024043500113792245,0.01347827690307155,Moderate,-16805.8137770707,-27999.305650259616,-62544.516918712245,19402.314661868364,39100.24537792218,88831.27291587264
2026-09-30 04:30:00,0.024047695002948316,0.024113493189885447,0.024021232751052522,0.024075213362322604,0.013413939948929077,Moderate,-17088.540389950565,-28181.33249210326,-62660.15223710693,19240.161511617356,39145.63243336995,89215.79253534606
2026-09-30 04:45:00,0.02407303962808951,0.0243149518631137,0.024065942579836023,0.024097212497070072,0.013185388012647481,Moderate,-16960.652449070483,-28019.22254633456,-62550.440677273684,19252.29902141175,39320.61506672392,89651.75992183536
2026-09-30 05:00:00,0.02408955163279802,0.024143636469661993,0.023679052398045564,0.02372271097510066,0.01315602042757844,Moderate,-18535.000524428488,-32153.058300863173,-67415.21340448558,20818.671923750164,37081.40379918637,84036.72818196926
2026-09-30 05:15:00,0.023726354417321415,0.02372740195860469,0.023453549744394838,0.023625676787897832,0.01290465175742892,Moderate,-18720.13999275796,-33274.59528739906,-68884.62392453826,20481.83815074228,35744.02088333634,82380.50073728334
2026-09-30 05:30:00,0.023622641378744254,0.023848237337087772,0.02360024411958027,0.023845378417912632,0.012811506774828452,Moderate,-18456.149586646585,-30905.691310282855,-65728.32542455183,20725.95195699365,39070.973321909485,86428.43873424384
2026-09-30 05:45:00,0.023842582024939607,0.023881962342289915,0.0237179867249116,0.02378644252436232,0.012680997231879898,Moderate,-18702.04600204186,-31849.86310680179,-66894.43858584871,20965.129287296637,38375.17605187147,85539.56117982767
2026-09-30 06:00:00,0.023792981510291047,0.02381457625157934,0.02366305325858393,0.023688083759081092,0.012618344236244906,Moderate,-21932.82153592302,-38781.70446841211,-74938.88890636015,23925.294026371488,39843.00747274253,86684.62528680947
2026-09-30 06:15:00,0.02368256020173989,0.0239930940288006,0.023680314326412422,0.023944320483159955,0.010872977114326554,Moderate,-21286.25707042696,-34987.32985570702,-69636.27724337083,23812.513764268784,44105.08428891815,92646.25453580543
2026-09-30 06:30:00,0.023942266331400806,0.02397869350105296,0.02372709926814502,0.02390000743180992,0.010832259691043645,Moderate,-21424.082282769443,-35845.91802767794,-70572.73552936799,23873.227473507453,43618.08897755809,91624.70160636044
2026-09-30 06:45:00,0.02389562757854388,0.023934428195532428,0.023526785519352736,0.023565786638810034,0.010852397746390085,Moderate,-21688.40361076834,-39768.15746120076,-76979.86450935535,23278.074393495164,38068.80249474316,84508.1625142868
2026-09-30 07:00:00,0.023570265282300887,0.023727028027488342,0.023530667974084308,0.023637856005888396,0.010853346457164025,Moderate,-22202.670093490204,-39642.92949612498,-76410.88985873619,23501.400627565847,39025.25493095127,85877.58199259051
2026-09-30 07:15:00,0.023639756049267668,0.023756887512716048,0.023549809445941434,0.02369745078220684,0.012427320901949734,Moderate,-19091.274589190554,-33103.025533026106,-68629.68331769155,21149.968660362578,37223.04019613318,84277.54839743624
2026-09-30 07:30:00,0.023700568829799547,0.02378929601490643,0.023675634896927145,0.023751542038431755,0.012419962018061859,Moderate,-18949.893736308586,-32428.15607039627,-67751.60508449121,21116.75740257181,38017.738513992845,85255.53664192704
2026-09-30 07:45:00,0.02375506473939664,0.023784228432829378,0.023603664310413372,0.023638216813477633,0.012401621972879574,Moderate,-23738.453324468366,-40639.325148087235,-76396.53414086226,25391.176200577454,44000.78627385677,90854.3381770893
2026-09-30 08:00:00,0.02363115759028487,0.023642487183219547,0.023368779688246605,0.023407961227196277,0.011380012365620872,Moderate,-19744.02766960792,-36605.19671610916,-73219.53233613534,19907.793558830046,33312.402247082624,79382.39053699176
2026-09-30 08:15:00,0.023408856416166485,0.023443536525657987,0.02301023262048252,0.023195170837220558,0.011618702924925927,Moderate,-21686.23476011828,-38624.95125043872,-77781.23796089474,18328.05791961515,30114.073113951104,75454.37754258551
2026-09-30 08:30:00,0.023199254653836036,0.023205667936429964,0.022709609476427212,0.022808052987887663,0.015314516269917533,Moderate,-17766.087418215073,-33662.92228669947,-75296.4380128963,13260.89576730271,25391.248141729542,69366.3015798528
2026-09-30 08:45:00,0.022812597565389944,0.023089376948541882,0.022761595103260764,0.022782607968224233,0.015097023401949761,Moderate,-17888.514013113196,-33883.68216126574,-75757.02344327702,13250.159174632956,25355.29294823557,69258.01539467936
2026-09-30 09:00:00,0.022772684243182722,0.02292656740401137,0.021895852273563787,0.0221296860128376,0.019964068091518294,Moderate,-11903.30110523722,-26699.900425437903,-75024.5336077912,12350.034988326239,23776.615245810273,65308.65616887563
2026-09-30 09:15:00,0.022125362148048496,0.02238098133062092,0.02202584719780356,0.022338754876887423,0.019890962191384486,Moderate,-13544.481308689654,-29748.405811154043,-75457.07288070388,12273.717525882377,23789.930832941758,66107.44910154362
2026-09-30 09:30:00,0.02234213795252064,0.022644782292900414,0.022249608974905084,0.022553172207081782,0.019542056661439,Moderate,-13965.613161163139,-30463.438935740167,-73917.5471183744,12255.281218226677,23911.00676361043,66996.47008138284
2026-09-30 09:45:00,0.02256888502718227,0.02263755750005469,0.02249830689338279,0.022579288651227217,0.019585861488575284,Moderate,-13895.672785382576,-30236.06761697568,-73198.81412670923,12633.626570263601,24480.071729092666,67869.66383916484
2026-09-30 10:00:00,0.022584361059096482,0.022632752553335408,0.02190223844724293,0.0222082257090612,0.020285138392925627,Moderate,-11607.519905176558,-24546.45367085686,-69054.51327027266,15140.195190079643,26255.055786401877,68230.78230360054
2026-09-30 10:15:00,0.02221406779344224,0.02250780646903464,0.022170563095166046,0.02244987662112729,0.01614762452951819,Moderate,-14344.36232999245,-27456.322718741918,-70635.30886405612,13637.90479966875,24944.55536587317,67629.53074483875
2026-09-30 10:30:00,0.02245264560901613,0.022492794743925796,0.022264459124026366,0.022471770147564223,0.015443845997981941,Moderate,-14382.534465512937,-27445.154832642977,-70443.40279607225,14055.55270670232,25368.609375719745,68117.23044728697
2026-09-30 10:45:00,0.022469805126341214,0.02250299443018846,0.022274064868517508,0.022348002327993558,0.014938765431693212,Moderate,-14370.162198433329,-25771.15771237409,-66548.81350670711,12844.014226700181,24023.450477937753,66417.12920404274
2026-09-30 11:00:00,0.022341925972929375,0.022400455845751042,0.02222002408677998,0.022313022105509474,0.014931659700619049,Moderate,-14681.2067275633,-26048.873461165127,-66908.6342746528,12495.065830638905,23646.762170781753,65940.26630273744
2026-09-30 11:15:00,0.022318728910419694,0.02240838837758268,0.02229413312527698,0.022381854032931924,0.014899966577916191,Moderate,-16096.584334866624,-28090.597113883516,-67294.23557799225,15568.439811743878,28253.693143718956,70744.24005366911
2026-09-30 11:30:00,0.0223893944732671,0.022425993690190937,0.02212067276360204,0.02222719004459767,0.017019717918081212,Moderate,-17789.23600130304,-30210.241900669113,-69461.01744808891,14043.820440408066,26161.033161517233,68197.28833223965
2026-09-30 11:45:00,0.022222297001356486,0.022381787172154395,0.02218314966306461,0.022265164423754515,0.013055782697029561,Moderate,-17255.534680980774,-29363.570497834582,-67684.95999958586,14297.43347653429,26296.088836031708,68348.12217902039
2026-09-30 12:00:00,0.022273195352989748,0.022329932267584937,0.022213908842876506,0.022258896168759295,0.012980728925461472,Moderate,-17373.41338098175,-29483.753043250614,-67727.66456964482,14285.691979275216,26314.273119067217,68377.75510623948
2026-09-30 12:15:00,0.022263375587242312,0.022520814080420636,0.022240252475918532,0.022487793657293042,0.012939479223594508,Moderate,-16231.93868526353,-27737.243618462857,-65363.281809870525,20790.614321996618,35043.973075727736,77764.16398265766
2026-09-30 12:30:00,0.022488964190251995,0.02309979977455794,0.022480493697904513,0.022997319730733545,0.017386705601148345,Moderate,-13373.122897075884,-24141.982372369792,-60751.783074218925,18757.673525590537,36937.69481415221,83135.46553012184
2026-09-30 12:45:00,0.02298768093637952,0.02345563885632576,0.022921681255706313,0.02294986444499747,0.019185843181612827,Moderate,-15944.23791599061,-27039.100528388815,-63910.80783762365,19779.28421311322,35060.766487590685,80308.39130955291
2026-09-30 13:00:00,0.022953249893465692,0.02316260974910946,0.022819970880142662,0.022888021014539687,0.011956023143067252,Moderate,-17309.62270094088,-28606.013386191335,-65526.16662488463,21284.191006554058,37875.72224445478,82750.22754169142
2026-09-30 13:15:00,0.022886040894153192,0.02313070166123297,0.022588334236020875,0.022607887155753383,0.010970445493866054,Moderate,-18951.298126426675,-31575.351671424578,-69059.15402661165,17330.36958667523,30568.290292194954,73952.24018387303
2026-09-30 13:30:00,0.02260130398937291,0.022926553198594827,0.021940343693889055,0.022262540510778698,0.017726392178319283,Moderate,-20341.922052178215,-35659.0971765031,-75068.89486790734,15770.539307905437,27780.578438313656,69876.29347185613
2026-09-30 13:45:00,0.022246617892339948,0.022471071949072784,0.02208859241580662,0.022344955549182432,0.015503984191705733,Moderate,-21963.49691017243,-35445.445333141724,-73488.76799849645,18197.78022868292,30586.924073130092,72886.88229300256
2026-09-30 14:00:00,0.022347271022290834,0.02241179714391459,0.02212903600452518,0.02236351234384614,0.009055488771727616,Reliable,-22689.732117374504,-35985.415854380495,-73973.98193787881,17690.085061610407,30106.731049400765,72452.62524305111
2026-09-30 14:15:00,0.022367018753101972,0.02238255370740121,0.02195255850943019,0.02204912848495777,0.017595833491428348,Moderate,-17566.15508536399,-34010.68419646285,-72742.89579449844,15332.395229414396,26657.85720820421,68154.6262629167
2026-09-30 14:30:00,0.022056600703386896,0.02216704028107964,0.021779857326523173,0.02195411418442805,0.013963885426858091,Moderate,-17650.699892237524,-34205.22789759737,-73672.93517807222,14649.80776320665,25628.272720178324,66931.57417749184
2026-09-30 14:45:00,0.02196111906945002,0.02221100642956622,0.02179838148124742,0.022191026904579983,0.013612432880682656,Moderate,-17231.83757919751,-32017.716154615755,-70425.51596000246,17308.591378834717,29239.509976455978,71108.83294242233
2026-09-30 15:00:00,0.022187140924871875,0.022191053391522105,0.021972455944823333,0.02214193834028695,0.01353236026157072,Moderate,-18799.55453263577,-35665.87200043526,-75056.66923125989,16803.141910063077,28550.619115622885,70283.37000833722
2026-09-30 15:15:00,0.022150647360912025,0.02215550047273327,0.021805995491450597,0.021853489686093994,0.013484334558399614,Moderate,-18548.037515476437,-36707.46197828468,-78571.0273590277,13573.96857802423,24220.01961135047,65348.10758945379
2026-09-30 15:30:00,0.021850007565495114,0.02197128846265846,0.021396691441463306,0.02166322831926007,0.01910387816457071,Moderate,-14091.075177105471,-32054.32022946558,-76303.77717751807,14795.361139300683,25064.140487615714,65518.50726447178
2026-09-30 15:45:00,0.021668851727447327,0.022098776006313107,0.021651796441669077,0.021791652504690444,0.017385290103749763,Moderate,-17341.05976402188,-31578.659164734872,-73551.94618985913,12586.655249117555,23045.39947714162,63672.22152592743
2026-09-30 16:00:00,0.02179406780180512,0.022029053807473498,0.021560948370896907,0.021571164924846686,0.018776200989651336,Moderate,-16515.28677882058,-30953.07251499026,-73460.24643303074,11898.00962504353,21954.69445039639,62285.27722247727
2026-09-30 16:15:00,0.021567125627648856,0.021590522616847446,0.021087826638450755,0.021212233498294784,0.022238509842798182,Moderate,-12417.264598291164,-29217.40790008243,-73872.33629488655,11663.211069759744,21432.399091144605,61284.84194954759
2026-09-30 16:30:00,0.021214930651562526,0.021747232023601185,0.021214930651562526,0.021662193023145038,0.018720614796036372,Moderate,-15166.655179284779,-28914.300555063364,-70839.2159419022,14794.895715274704,25035.314965779122,65488.37416930313
2026-09-30 16:45:00,0.02166503144445592,0.021849116160582008,0.021553780251492682,0.02171413684033189,0.015776578016026787,Moderate,-15440.035853626287,-29204.247404474267,-70796.04501333719,19344.769218106925,29684.074251119106,70206.94972302302
2026-09-30 17:00:00,0.021716500821526746,0.021716500821526746,0.021292621042733835,0.021348533999285334,0.0144812952440313,Moderate,-16492.270057362202,-30419.3999548895,-74279.59136414394,10628.997536779892,20447.678670939582,60489.08894998625
2026-09-30 17:15:00,0.021353296899716517,0.021502881331696314,0.021172679595856884,0.021320392941276748,0.019754737817549817,Moderate,-12902.843187643632,-26771.122351866437,-70794.61504150201,17352.929552681737,27164.603919714722,67170.73505668239
2026-09-30 17:30:00,0.021326466858075453,0.021549188744304476,0.021307705845389983,0.021460404439851907,0.015101319319146444,Moderate,-16375.367153385336,-30121.780756716988,-73270.87831226956,12564.760465672409,22472.477852667114,62667.73702253147
2026-09-30 17:45:00,0.021469234020880374,0.021832440181963956,0.02139042739318737,0.021742171750607695,0.016237009051909012,Moderate,-17159.932148738288,-30943.95115085302,-72282.06547421013,15313.254659688424,25834.60708401036,66425.21751081254
2026-09-30 18:00:00,0.021743418647568298,0.02190472306258861,0.02149223843029906,0.021522227571749777,0.018273329467098098,Moderate,-16040.817023267842,-30808.46264994032,-73559.07079296591,11868.220228252567,21915.61527794918,62192.10705742146
2026-09-30 18:15:00,0.021519021682875318,0.02181274489453694,0.02149774888917643,0.021605843028131337,0.01827820030075713,Moderate,-15273.127275776073,-29034.143931770246,-71250.97088697215,14321.287694341252,24555.0286718085,64950.31941427765
2026-09-30 18:30:00,0.02160910369622914,0.021784067897134107,0.021567998433056897,0.021675219239415615,0.014187122466505109,Moderate,-14910.339131431501,-28677.52444338891,-70449.37088467977,15238.640439568668,25619.49699519185,66116.35939018845
2026-09-30 18:45:00,0.021671227571403218,0.021813886958513006,0.02163632557557021,0.021749553373097294,0.014185124095410862,Moderate,-14493.287846284415,-28247.851696097823,-68836.37984236858,16228.262895903192,26730.973025559746,67187.61627375321
2026-09-30 19:00:00,0.02174797680335999,0.021902364988533686,0.021709998462815103,0.021823797568336172,0.01614817609515873,Moderate,-18146.067666955536,-31920.488492416218,-71951.95871204801,16387.811295899108,26967.528878283552,67532.2289469074
2026-09-30 19:15:00,0.021817266708159505,0.02187347272221883,0.02177907431226808,0.021780942075136478,0.011719065179597135,Moderate,-21468.885158238612,-35231.849695465215,-75591.08610625604,12561.787060865261,23060.038020838594,63562.39728732124
2026-09-30 19:30:00,0.02177670651638366,0.021846614861818797,0.02167894899705713,0.02174197702539229,0.014348593257948216,Moderate,-17117.093641812768,-31881.342070676394,-75487.66114309344,21443.461222238555,32957.27691585175,76173.17614120593
2026-09-30 19:45:00,0.021746405981949,0.021756909334124153,0.02150519106573111,0.021529406226585703,0.013467019906497457,Moderate,-20307.306339230516,-35131.6377286688,-80632.42102964873,17117.854394565675,28214.18893531309,70717.56082784427
2026-09-30 20:00:00,0.02153302044418036,0.021590433596984766,0.021524276020799364,0.0215711434238895,0.012589229076441022,Moderate,-19590.877438058014,-34349.06981906449,-79477.2065003648,18553.908091008478,29736.749875887857,72375.92458042376
2026-09-30 20:15:00,0.021574023543586077,0.02163338418939979,0.021556981416625945,0.02161452533181964,0.012414229206683114,Moderate,-18666.72423808397,-33417.27986547905,-78159.50594098082,19745.508587818564,31013.152121240615,73798.36773073528
2026-09-30 20:30:00,0.02161713339368458,0.021631445319182815,0.021437432874100344,0.021437432874100344,0.012406655104199804,Moderate,-22346.52834071384,-37121.410606917416,-83440.93573087249,14662.14156660899,25586.73860255763,67790.38588986371
2026-09-30 20:45:00,0.021434502091950247,0.02145241392142583,0.0213678925818706,0.021397967552153088,0.012436962237680805,Moderate,-23423.069443393924,-38203.046733626834,-84873.53052421895,13492.699299600357,24401.85642013557,66476.69621835802
2026-09-30 21:00:00,0.021395039839331442,0.021422046314329618,0.02132801396310832,0.021345430342676493,0.012444932518228624,Moderate,-24989.04312923852,-39761.41725197041,-86911.71839596597,11848.765184656111,22741.243733205243,64654.17660635136
2026-09-30 21:15:00,0.021347678961160906,0.02148948203732857,0.021337473528589314,0.021414588759833167,0.012419533552404572,Moderate,-23038.657509720593,-37803.35895964855,-84106.56594978701,14132.590475740411,25052.155845537647,67191.8790601494
2026-09-30 21:30:00,0.021411582671945217,0.021496346081261622,0.021376583266629123,0.021408805245765713,0.012073877688780188,Moderate,-24123.30906723875,-39227.08504232974,-86740.50916955042,14894.193227055563,26176.759263004646,69287.62527199656
2026-09-30 21:45:00,0.021405702595407788,0.021421662678686875,0.02062257355451708,0.020711713015803424,0.02152338911385676,Moderate,-16881.542593661823,-30856.299110304797,-82341.30029057886,16805.453900721164,27848.014155607947,68165.82846133098
2026-09-30 22:00:00,0.020717832119144214,0.020777345144825477,0.020535452755085597,0.0206611384489034,0.015470583729044774,Moderate,-17083.607151995388,-29595.360209973183,-81005.23119182469,14697.958885559878,25720.655668334293,65836.212158044
2026-09-30 22:15:00,0.02068072886996672,0.020816143282133628,0.02067157791971315,0.020809705702402162,0.015382697913198884,Moderate,-12750.949777280313,-26054.719077353948,-77139.20352364669,14219.766012495373,25292.291307025567,66011.49744519377
2026-09-30 22:30:00,0.020783227368141897,0.0209941551476533,0.020783227368141897,0.020981494350967713,0.015341328582243463,Moderate,-18447.092752432432,-32428.83696711809,-82709.92062298948,12867.805865128452,23989.208099297703,65411.423896568325
2026-09-30 22:45:00,0.0209864547475291,0.02112331156068512,0.02097099492601012,0.021047061192560532,0.013358781516643381,Moderate,-18600.388903435847,-32835.80606325343,-82721.65810721583,14281.646083681333,25431.086242522157,67113.53697103326
2026-09-30 23:00:00,0.021045538261797954,0.021045538261797954,0.020852037312440706,0.02087382503711209,0.013254769785978216,Moderate,-13918.826596146135,-27492.856428865027,-78661.63811564226,18299.3950307615,29496.528031241614,70666.4670286958
2026-09-30 23:15:00,0.020869668317882794,0.0209457204246706,0.02084833289311929,0.020898017541476074,0.015083499479583363,Moderate,-18394.553928723093,-33684.31087285045,-84760.54534166616,15755.210991804875,26959.154771041587,68233.08310476347
2026-09-30 23:30:00,0.020883206467719944,0.020911655945315737,0.02085058673467925,0.020905385190829025,0.013330993852888717,Moderate,-15669.449947519199,-31288.027067225466,-80869.26965023817,17528.16973885177,28734.186907497588,70039.77247105874
2026-09-30 23:45:00,0.02091070266050691,0.020952933322713467,0.02083063515887977,0.02083063515887977,0.015791647974110725,Moderate,-18837.775372510023,-34744.60588431826,-84115.62518836747,26914.61307938211,38099.57725814152,79083.71845784903
2026-10-01 00:00:00,0.020827443111732756,0.020827443111732756,0.018830825975177833,0.01981139061018846,0.02585146438340724,Moderate,-13309.29045797063,-24469.383555107117,-72733.82545822949,11390.250139537278,21447.29667750701,59132.58629102007
2026-10-01 00:15:00,0.019798187864371097,0.019846152497331602,0.01912333525605034,0.019721129810932176,0.023698293783028457,Moderate,-12863.798124960891,-24498.91519638545,-73961.76146098207,11234.832712490135,21126.79063812979,57951.95552111866
2026-10-01 00:30:00,0.01971792364257928,0.01971792364257928,0.019378048049125313,0.019474821196328377,0.022363917300979974,Moderate,-12133.066197253458,-23094.571803996463,-71133.34872672021,11078.133243422248,20765.53345301517,56371.02397477707
2026-10-01 00:45:00,0.019470912675795295,0.019479916999769507,0.019350350109333773,0.019354907213435982,0.01920987950292794,Moderate,-19004.394161060693,-30360.18058808388,-76964.53901097896,12019.89700708556,21896.974499342497,56745.291977618814
2026-10-01 01:00:00,0.019312074978968533,0.019465569430041865,0.019305159920664124,0.019361131635860868,0.01133426956929151,Moderate,-29723.167985506076,-41858.95708319471,-87271.8919462552,17082.594980556365,27017.294936324553,61904.972911841294
2026-10-01 01:15:00,0.019361115927814546,0.01943050876031184,0.019354251012430008,0.019354251012430008,0.008249070009455451,Reliable,-28394.536981027606,-41062.7482787378,-87073.05141165816,16342.855142605722,26579.633248240185,62106.74915150242
2026-10-01 01:30:00,0.0193257603994771,0.01932733895782869,0.019147683921644152,0.019190154837204897,0.00887991179272618,Reliable,-20734.526766057043,-33074.002215498745,-78119.57266581208,24664.959599288264,36107.09251546028,72580.57017935006
2026-10-01 01:45:00,0.019193638427212556,0.019253823888211462,0.019193638427212556,0.019209323294698377,0.005598267153765546,Reliable,-32855.130024248945,-44952.086680644185,-90086.71625047686,64269.36398698558,76236.28749940232,112372.04280770801
2026-10-01 02:00:00,0.019207887266593855,0.019410620071365813,0.019203584980823106,0.019410620071365813,0.007673333907003643,Reliable,-45592.291838262405,-57320.79774831632,-103302.59102835025,33604.9738616918,44140.41871122729,80053.10734922256
2026-10-01 02:15:00,0.01941235195111808,0.019601501916707894,0.01941235195111808,0.019601501916707894,0.006783701650320606,Reliable,-41830.54626716273,-53237.72229796496,-100047.93612298471,101289.44978990368,116813.72321277154,155848.9142015105
2026-10-01 02:30:00,0.01960213893572841,0.01963777436794539,0.01959784440458351,0.019636745365323848,0.004692088750390422,Reliable,-27721.91622049494,-39087.73824153702,-86069.36269224486,87665.32580128495,103510.63214779833,142964.35425174018
2026-10-01 02:45:00,0.01963521070624323,0.019763238926204463,0.019604412093583618,0.019762912013790605,0.00507029348045549,Reliable,-55426.77330248394,-67513.97346184007,-115198.89297991562,37222.665046933274,50272.1487972034,88950.89252434722
2026-10-01 03:00:00,0.019761972944990228,0.01990528872696153,0.019761972944990228,0.01990528872696153,0.005239258098514954,Reliable,-57580.4767622978,-69167.96565587132,-117644.53425297735,71411.73509719936,88566.5175489536,128415.05842371378
2026-10-01 03:15:00,0.019914448110921835,0.020047033157828853,0.019914448110921835,0.01999904690833428,0.003338255915272259,Reliable,-50416.23182383775,-64266.756726980595,-112795.77096273925,117629.4973860885,139655.50649356798,187096.67302219628
2026-10-01 03:30:00,0.01999875510028342,0.01999875510028342,0.01994514940216895,0.019951285866694413,0.0031455202762254776,Reliable,-70254.88625306942,-85013.41050336685,-133552.0947250315,109775.78659118073,130677.44677659713,177159.4267986506
2026-10-01 03:45:00,0.01995047737030992,0.020015413309273086,0.019945285284981476,0.020005649662877975,0.0032768744778654433,Reliable,-50653.8770038767,-68712.62577114475,-118528.84011145054,122187.44013602914,145318.5723183335,194131.77157119586
2026-10-01 04:00:00,0.020005458926131574,0.020018365548569516,0.019818856056389247,0.019899333079467757,0.003276242941068075,Reliable,-64960.05118514662,-83375.37722527576,-129648.70340516098,67922.14216612015,83126.28201273501,125922.3630024898
2026-10-01 04:15:00,0.01989486123093256,0.019899001783514662,0.019819026875923615,0.019829575374019956,0.0042781579446695694,Reliable,-41966.98540485089,-61239.488646210346,-108471.30858935099,32942.46643588549,46996.62639159258,89417.48793511107
2026-10-01 04:30:00,0.0198315445284867,0.019860315341736837,0.019806383217503873,0.019807405117044114,0.004231840909940665,Reliable,-44332.353402369365,-63747.45580180252,-111201.0262848296,31604.51365486901,45055.68584889521,87255.19796489071
2026-10-01 04:45:00,0.019804895174931253,0.019833785173820968,0.019790267425404292,0.0198207378177912,0.004043692124311549,Reliable,-82181.11748630261,-101478.98110371015,-148741.8436832667,50866.66114209787,64656.26463750827,107017.08726854243
2026-10-01 05:00:00,0.019821112808508935,0.01989179001415186,0.019808700301425876,0.019882051401459447,0.003919192690248474,Reliable,-74412.88712262717,-93097.1420454676,-139669.0927597163,69282.5112863689,84558.28964720755,127532.36755287029
2026-10-01 05:15:00,0.019882907666922037,0.019938840872469495,0.01986105759176684,0.019933561773046362,0.003919281948342457,Reliable,-102384.59433320367,-124862.55733736933,-170998.79923231827,127281.20843319628,154709.51014928188,198311.99378743273
2026-10-01 05:30:00,0.019931774315631718,0.019937143085353815,0.01988609307350194,0.01988609307350194,0.002342221099382069,Reliable,-112782.3968689573,-140056.84549158745,-186584.72694471886,112537.23346169108,136494.04148810706,179508.51074462954
2026-10-01 05:45:00,0.019883595281763956,0.019940845179079222,0.01987840794918203,0.01992435283813783,0.0023441400033865634,Reliable,-76349.02580272646,-100254.15575555773,-146414.57494394443,83812.322183058,111417.09246487085,154858.2245265367
2026-10-01 06:00:00,0.019923063040261653,0.01997416083791636,0.019919545096214023,0.01997416083791636,0.002316924655633379,Reliable,-101773.97484947473,-120900.22629452107,-166929.7535196883,159922.64563323717,195386.2948395391,242347.84362473487
2026-10-01 06:15:00,0.019974724131962374,0.020048395188710644,0.019974724131962374,0.020036689922371897,0.002644843900202587,Reliable,-75893.75773452384,-92395.2770590582,-138269.09343275335,168740.24366986932,208853.0452099259,259011.4565695157
2026-10-01 06:30:00,0.020036469076380452,0.020036469076380452,0.019908738985245977,0.019908738985245977,0.0025957049882043837,Reliable,-145940.84033818875,-171409.2451527126,-217691.3560116351,159169.6326262709,182757.57919730255,226004.90224681425
2026-10-01 06:45:00,0.019907718930612318,0.019907718930612318,0.019889241127722893,0.0198956438222924,0.001739267023594282,Reliable,-147743.3412175843,-174365.6739931473,-220770.29227022675,148756.342921202,171127.7543367816,214244.1563344209
2026-10-01 07:00:00,0.01989640377027583,0.019902471631527266,0.01974298647901791,0.01974298647901791,0.0018058313899272926,Reliable,-114638.74151629535,-154684.49351091564,-202836.44784932883,61154.81777240049,74341.48900311215,115928.48353538878
2026-10-01 07:15:00,0.019723484979674306,0.01972348525884498,0.019485027568495527,0.019485027568495527,0.003932997339707955,Reliable,-112341.10694301035,-173815.79287672916,-228221.763696521,72749.79717044624,85033.13382839988,124454.99962459803
2026-10-01 07:30:00,0.019485592621256053,0.01952621768778429,0.019457896773523546,0.019483173231061596,0.0023250713058438066,Reliable,-112765.9073786063,-173437.7370238373,-228140.15333413758,73315.34481585998,86745.72418642761,126329.71828409233
2026-10-01 07:45:00,0.019481105104883194,0.01951204452213711,0.019476765951225706,0.019508813431639137,0.0023249045295217208,Reliable,-106701.58120070283,-166378.04619630825,-218519.0308665456,82070.66844063638,95739.59704577325,135545.67816370615
2026-10-01 08:00:00,0.01950998652055148,0.019527527909633267,0.019505966690757815,0.019516103530304342,0.0022310074345739395,Reliable,-111454.19368978697,-171129.11538006458,-222551.543202662,92721.1751145178,107876.8465074263,147746.0454222284
2026-10-01 08:15:00,0.019514828278048242,0.019573285513946527,0.01951203145685733,0.019573285513946527,0.003383973372543858,Reliable,-106733.70958289053,-161548.76730289176,-211844.70983687657,134564.9892994549,149636.28701518913,190219.11859982947
2026-10-01 08:30:00,0.0195736899232313,0.01957654923726999,0.019506027377224337,0.0195621107669711,0.003336957491898174,Reliable,-110469.56087705106,-166383.78505023354,-216831.63801819278,130067.06358989433,145016.7163304466,185489.65179273603
2026-10-01 08:45:00,0.019562558794923246,0.019658877384344582,0.019562558794923246,0.01965825949442576,0.003316369997792301,Reliable,-70465.82029303384,-117627.84799068501,-166958.012272728,94226.43039964975,109013.19587956253,150747.44672821704
2026-10-01 09:00:00,0.019656775940443252,0.019668264427557997,0.019498369046027978,0.019498369046027978,0.002015327607360118,Reliable,-151013.69100094226,-211055.27284296972,-264345.1228721576,120619.30650373148,134321.31488858964,174071.45843246052
2026-10-01 09:15:00,0.019492237264158375,0.019492237264158375,0.01934518781346145,0.01934518781346145,0.0023634392493534495,Reliable,-70018.13532815484,-131610.93336569396,-200029.07189268133,21300.46544681603,33743.85998789911,72156.82474132949
2026-10-01 09:30:00,0.01933867320818586,0.01933867320818586,0.019121061776621415,0.019199190220686804,0.0025436919408190705,Reliable,-71803.93329836574,-120445.92337994387,-178362.1538874475,110687.4947756237,133977.8030191974,171236.7581440711
2026-10-01 09:45:00,0.019199673178485675,0.019377186811451844,0.019199673178485675,0.01936477491467278,0.004196986311120421,Reliable,-111450.29303526435,-150298.1656800291,-204727.11699490264,60654.292956176134,94242.82376660006,133479.0367164317
2026-10-01 10:00:00,0.019364457617690373,0.019364457617690373,0.019210882742468238,0.019219933547405643,0.004116574296159437,Reliable,-79004.9461583352,-126002.92907886788,-181128.76032447134,153716.14722781774,178298.97352984082,215806.6075377063
2026-10-01 10:15:00,0.01922211179989458,0.01922211179989458,0.019160013381144404,0.019164277853467797,0.00215835295273914,Reliable,-114971.29736933041,-165973.89054362758,-226074.26914733776,160143.0505421388,181256.38933148593,218096.49821382968
2026-10-01 10:30:00,0.019164573072960378,0.019236869638865874,0.019139689636380148,0.019139689636380148,0.004010714343340327,Reliable,-118216.17390615215,-170698.98603199166,-231158.09214123184,136361.97230819197,155963.95553031427,192508.84875133648
2026-10-01 10:45:00,0.01913906549813191,0.019242025938237248,0.019128715981645988,0.019239435626533363,0.0023995271739100767,Reliable,-60099.157424907535,-106828.76621706501,-165272.5995136891,97493.74408338562,123335.0518570092,161076.36183914234
2026-10-01 11:00:00,0.019237731467308266,0.019243100532840014,0.01920614474599945,0.01921994769665073,0.0019969986388198137,Reliable,-68574.85496195454,-116641.58965727808,-173480.89818916452,114943.91761081223,140562.21892270874,178070.02251128943
2026-10-01 11:15:00,0.019221810924639322,0.019231737872450878,0.0191879043397436,0.019231737872450878,0.001976395869892311,Reliable,-90332.49607684645,-138412.7092259349,-195461.11158535938,218145.74374991958,245404.5482447558,283212.0021477714
2026-10-01 11:30:00,0.019232104057718195,0.019270284337640536,0.019232104057718195,0.019263640399328815,0.0020018885336072325,Reliable,-56273.99384554947,-100960.71657206707,-152315.76724781375,102722.4288791741,131900.3165645886,164201.82454899928
2026-10-01 11:45:00,0.01926115079929001,0.019479260262056815,0.019238501599152743,0.019479260262056815,0.003204369856362616,Reliable,-94659.42055648672,-125311.04426276784,-170951.93399122753,85340.88332964685,126585.62141810953,161759.38199786685
2026-10-01 12:00:00,0.01947953268516855,0.019761690866011008,0.01947953268516855,0.019761690866011008,0.00389804426527407,Reliable,-114775.85707183617,-134269.74967707426,-175256.66824020375,66460.09068119114,115376.41496754467,168478.72126988537
2026-10-01 12:15:00,0.019762600850566032,0.019885966462644844,0.019762600850566032,0.019777171982153622,0.002228731380984872,Reliable,-112105.69108553324,-131350.72174206437,-171787.5091468386,70144.4362735529,117908.7742681942,170271.0754543244
2026-10-01 12:30:00,0.01977462352100103,0.01977462352100103,0.019666673645193762,0.019666673645193762,0.0021925945076137765,Reliable,-77863.1133506592,-98504.43792716747,-140349.20100391793,199858.45106147465,245915.10580853955,290098.0392566195
2026-10-01 12:45:00,0.019665825191206174,0.019665825191206174,0.019499106294898035,0.019499106294898035,0.0023248370898291794,Reliable,-174928.5737773632,-206761.901074691,-251249.20443945678,163765.9417095799,205714.80904676203,239316.31830469158
2026-10-01 13:00:00,0.01949924429411863,0.019501144812949282,0.01940979474771179,0.01940979474771179,0.0022832183404466466,Reliable,-173357.9809949291,-213551.6838881059,-263146.96113821847,93826.19453992037,129966.84484777108,166029.85767967725
2026-10-01 13:15:00,0.019409565845228082,0.019480294335402524,0.019408106105733805,0.01946878910775207,0.002265781150039192,Reliable,-157657.02744863235,-192558.46974832428,-240596.74291930784,122742.6149094535,163608.92609361248,200253.12333834264
2026-10-01 13:30:00,0.019468394216008465,0.019584072880123732,0.01946498669936638,0.0195716994640565,0.0022175564453825736,Reliable,-87375.21579874323,-112531.26227374602,-158464.9605684273,100232.21736431668,146169.4613961809,186860.87594570193
2026-10-01 13:45:00,0.019571238649111686,0.019744616157513613,0.019554215310223437,0.01972395076040146,0.003615717791781026,Reliable,-67078.60851852667,-87500.97628979309,-131305.8734316842,56387.03311966423,104655.78640593735,156527.65659387532
2026-10-01 14:00:00,0.0197227642818159,0.019786499351806767,0.01967226646701132,0.01978194222948247,0.0030647400622104254,Reliable,-106943.06565634225,-126673.18472334695,-169666.32606915472,71829.2111087241,119805.08983194699,177510.28463975625
2026-10-01 14:15:00,0.019785294124973967,0.019867460550821007,0.019778488766922238,0.019829958545993433,0.0020126090605624646,Reliable,-122332.46815005458,-141481.584784573,-183801.55972401486,96887.87807854338,145847.55174534323,206954.18648029122
2026-10-01 14:30:00,0.019834322625016852,0.019881241811567953,0.019798575337124025,0.019836429150037378,0.0020008850816895184,Reliable,-118367.54800939801,-137438.3073267881,-179667.495490241,98697.40101935217,147511.59742792818,209076.29740874976
2026-10-01 14:45:00,0.01984026242621913,0.019856980227175813,0.01975355370062363,0.01975355370062363,0.001976657064193832,Reliable,-150928.33632426368,-171220.1991791597,-214610.89109986342,71856.19687433784,119082.32523755301,174774.4671490233
2026-10-01 15:00:00,0.01975276225199924,0.01983542056283244,0.019728347738022074,0.01983542056283244,0.002018249056856436,Reliable,-135424.27459108102,-154648.3589626243,-196890.8513461945,106888.7427586796,155619.27629963923,217112.5815642472
2026-10-01 15:15:00,0.019837203088138616,0.020251155094147367,0.019837203088138616,0.020251155094147367,0.0015189257334962125,Reliable,-164498.22975585447,-178798.64949833526,-217817.6101411904,135857.73001856174,184694.07853113982,269984.9274995738
2026-10-01 15:30:00,0.02024798502450447,0.02026140752972599,0.020220005959433057,0.0202268149855007,0.001109676720990116,Reliable,-195426.92657540907,-210809.6923980575,-250011.69601756998,127417.34440616146,173225.96404557794,256591.8908530779
2026-10-01 15:45:00,0.020227387884540336,0.020241429301599174,0.020195312863539316,0.020241429301599174,0.0010659703006855813,Reliable,-191138.91748299592,-206386.08734219644,-245478.20468180708,138593.70915450694,182445.27894952733,266307.7445159037
2026-10-01 16:00:00,0.02024161380558201,0.020261578425899932,0.020221267995728258,0.020221267995728258,0.000986714772016617,Reliable,-214317.53330960847,-229847.0459798848,-269090.74481807824,130991.12099631803,175053.28113092273,257890.782305025
2026-10-01 16:15:00,0.020221010724857463,0.020244860165090334,0.0202129282745784,0.020226830358814608,0.0009714227134920428,Reliable,-216417.2561500357,-232623.72972505636,-271825.61777753977,135923.24684846113,178400.7226168424,260696.30751392548
2026-10-01 16:30:00,0.020226444412214738,0.02026428573765128,0.020219346077753074,0.020252298356619087,0.0009526386860895464,Reliable,-202010.21816895975,-217760.6381463455,-256772.3405246988,155927.73413694985,199122.5654477052,283250.0052429476
2026-10-01 16:45:00,0.020252514744545987,0.020255626853050757,0.020234857714960742,0.020239610103155014,0.0009512856914189127,Reliable,-144271.50250645625,-160254.09589078007,-199361.4922561512,108710.05149965697,151784.19820712958,235135.09145393604
2026-10-01 17:00:00,0.02024198941364865,0.020254373353417714,0.0199733541949256,0.0199733541949256,0.0018715662953223688,Reliable,-201250.63671686492,-223983.92924091272,-264822.50108169485,385469.70031653304,427527.5874473448,492689.7549424391
2026-10-01 17:15:00,0.019972527654412993,0.019972527654412993,0.019907405323931367,0.019907405323931367,0.0009548002004926559,Reliable,-230701.18936233385,-259185.52666590555,-300548.98989870795,249365.6010410405,291061.7005651372,351815.6375443378
2026-10-01 17:30:00,0.019907904261996925,0.01991617138460145,0.019660878394111837,0.019660878394111837,0.0038114498999904517,Reliable,-32998.893465147485,-60680.469269118636,-106689.04125782855,22208.86034955956,35630.39329284347,74209.74872417537
2026-10-01 17:45:00,0.019660224800340263,0.019660224800340263,0.01959531486526572,0.01959531486526572,0.005123961230698892,Reliable,-29002.7470587587,-58061.46015540782,-105354.58891174452,27413.59637955992,40367.81750433308,78238.40233331016
2026-10-01 18:00:00,0.01958033425762522,0.019601733479670366,0.019545595145526635,0.0195729976345695,0.0018304532784535477,Reliable,-131675.1792910179,-160969.1299946493,-208709.50254036926,253617.19250256094,266473.45228415524,304205.78153216245
2026-10-01 18:15:00,0.01957589701181433,0.019592621043652073,0.019549227601486672,0.01956503153697688,0.00227180886236185,Reliable,-145181.91235134966,-174161.42898888057,-222053.27367675563,268274.1351991158,281070.94992092415,318714.0155239932
2026-10-01 18:30:00,0.019564974615586626,0.019586237981617606,0.019564974615586626,0.019579002291691905,0.0019321759903386583,Reliable,-122102.62847172502,-151044.82130810493,-198670.35798842544,258356.47064622302,271257.2369703933,309056.36659716594
2026-10-01 18:45:00,0.01957912559222364,0.019610101275047493,0.01957912559222364,0.019593616540938993,0.0016982183512255222,Reliable,-114448.33733834932,-143351.62204178082,-190699.3412018509,285568.41567482863,298577.88194208156,336540.20434422686
2026-10-01 19:00:00,0.019593350137972917,0.019622861486180462,0.01955692477343302,0.01955692477343302,0.0015724688860843106,Reliable,-47505.62659815994,-76507.33809590996,-124555.22205183869,66105.74578485212,78842.42592006098,116395.74345136236
2026-10-01 19:15:00,0.01955661354246156,0.01955661354246156,0.019542414968092784,0.01954664197733848,0.0012228591334819683,Reliable,-129848.91090176949,-156508.8251371769,-202927.98735533436,199285.3334279182,211945.4631664764,249383.85435504199
2026-10-01 19:30:00,0.019546743444294773,0.019561552732466726,0.01954520009563693,0.01955334576401183,0.0017416742471619618,Reliable,-129800.0242074221,-156441.63832653643,-202765.99059312302,213124.16318877635,225834.20162997732,263347.521557209
2026-10-01 19:45:00,0.01955345991221729,0.019567420354136524,0.019509831286219106,0.019543432063214895,0.0015525677806924598,Reliable,-140472.66576844896,-167141.40287752217,-213605.95537402807,209946.83117617868,222583.0605476451,259985.56973036833
2026-10-01 20:00:00,0.01954446939382204,0.019562018108282564,0.01954446939382204,0.01955811056793668,0.0008978657786193889,Reliable,-156554.24311377358,-183182.817493867,-229439.7708112605,273841.86971978913,286587.3762218359,324153.94491975073
2026-10-01 20:15:00,0.019558682097387693,0.019582099727975942,0.019558682097387693,0.019579628257887515,0.0007364977181846033,Reliable,-151090.6848127235,-177664.55321808028,-223617.01590070184,334426.10184606595,347333.4853546036,385140.4429145298
2026-10-01 20:30:00,0.019579426912167075,0.019590003175207364,0.019578883929546792,0.019590003175207364,0.0006862935085869548,Reliable,-149401.83809632968,-175947.17325165198,-221752.7537275811,374276.23650151584,387260.8969460555,425183.71261896606
2026-10-01 20:45:00,0.019589619551856792,0.019592703221245348,0.019587476318890202,0.019591469157667855,0.0006861881422880689,Reliable,-147150.78269644684,-173688.00200020682,-219472.82427079836,374905.0964999378,387898.79545608355,425837.9794805309
2026-10-01 21:00:00,0.019591486109257688,0.01960476311280618,0.019588254378404703,0.019591553272611546,0.0006861710416749434,Reliable,-157093.9357625863,-183630.92453111257,-229414.55571275143,403126.779349998,416121.10386560374,454061.2270525381
2026-10-01 21:15:00,0.01959181710040997,0.019595080083695246,0.019585593660232943,0.019585593660232943,0.0006557329600198614,Reliable,-144206.99397444248,-170682.45506254266,-216550.4684956912,341289.1372617943,354205.0157198102,392078.59348878067
2026-10-01 21:30:00,0.019585590229363084,0.019592465859045217,0.019585590229363084,0.019590544638674566,0.0006524679568634673,Reliable,-155628.8771085684,-182062.56869499103,-227860.4821928768,394174.5384497495,407126.29252150026,445055.1539481481
2026-10-01 21:45:00,0.019590260204978643,0.01961264269095145,0.019585095759891348,0.01961245526234844,0.0006431679974354676,Reliable,-137521.2160702081,-164112.086571531,-211126.80894062953,460678.3382531101,474431.08533675224,515084.59323668585
2026-10-01 22:00:00,0.01961301930243594,0.019634757565185665,0.01961301930243594,0.019629372656177705,0.000564525831644392,Reliable,-117734.37641611737,-143947.605913475,-190741.8564502371,504036.7131486176,517914.8469236754,558841.7554087251
2026-10-01 22:15:00,0.019630226993317127,0.01963651514905763,0.01962581113861705,0.019627449746381847,0.0006423739376389959,Reliable,-128442.21318476848,-157335.7496421943,-213363.14725745152,521239.2584370586,537306.150473684,578208.6692419183
2026-10-01 22:30:00,0.019627216692715933,0.019628151261855218,0.019620815009018074,0.019621633792060642,0.0006416771702268065,Reliable,-130254.98747546006,-159282.50814368634,-215421.75837717706,481760.2263192692,497730.77437128953,538559.5177272188
2026-10-01 22:45:00,0.01962156575224063,0.01962259604382436,0.019403045226786934,0.01940926234328773,0.0009332663155454668,Reliable,-162949.63558960083,-191139.63487499376,-254035.88800606795,82459.24475266432,107334.92516940058,152396.3362180317
2026-10-01 23:00:00,0.01940780082605967,0.01940780082605967,0.019301769237641504,0.01932237085070446,0.0023589641919895764,Reliable,-119094.49412230182,-141237.72108173108,-194563.8428765572,108944.82166444673,121166.12197320738,158462.02953230363
2026-10-01 23:15:00,0.019322684423192637,0.019328145823929055,0.01925662027385113,0.01925662027385113,0.0017978956044921058,Reliable,-38622.54276427816,-59696.38066668385,-115108.84022439578,143880.45254721178,155959.4795420952,192484.5220835115
2026-10-01 23:30:00,0.01925648757044827,0.01927985127957586,0.019255907616865225,0.019273612356911402,0.0009797760364138146,Reliable,-53800.699292763835,-75120.99296826357,-129875.09062281813,397635.50768153014,409799.40441903175,446523.7894431817
2026-10-01 23:45:00,0.019272664248610374,0.019290492122911843,0.01927138413872166,0.019290492122911843,0.0008292542807923013,Reliable,-35263.06378833828,-56852.14444492128,-111074.50323513901,378871.06577960716,391074.7280554318,427997.0509313113
2026-10-02 00:00:00,0.01929039288907877,0.01930084704708911,0.0192852886671507,0.01929890716478205,0.0011726204258354135,Reliable,-29438.037444666672,-50886.10947522819,-104843.05767179617,565982.7090878346,578206.189113134,615227.1572714
2026-10-02 00:15:00,0.019298642212206174,0.019388629463172893,0.01929673651136754,0.019376105802459,0.0026393882945074942,Reliable,-127374.43668040486,-150123.02540456154,-201530.52119336557,41831.90978754006,55147.330154305164,93063.95864791652
2026-10-02 00:30:00,0.019375465762621558,0.019419204067414472,0.019367377053038662,0.019419204067414472,0.002638327040004995,Reliable,-97102.671214177,-120578.35954900885,-170550.27913416573,50453.656691376214,64059.24489978011,102463.82034678585
2026-10-02 00:45:00,0.0194199951801664,0.019425393872066217,0.019397709581137876,0.019413553616107797,0.0024915654008250687,Reliable,-122967.5336046751,-146347.98473005393,-196508.7024865104,58314.34601924253,71853.60463903619,110194.83007124618
2026-10-02 01:00:00,0.01941420932664061,0.0194174737708384,0.01935571946503466,0.01935571946503466,0.002491724906299719,Reliable,-121839.77130745401,-144244.82188076383,-196331.2604839183,32694.82552409562,45910.060944442674,83596.28289044151
2026-10-02 01:15:00,0.01935403832270746,0.01935403832270746,0.019278348271815578,0.01929621884925973,0.0021544314449345684,Reliable,-27148.742409470036,-48520.86029924114,-102533.50367979665,219580.81797666784,232529.28561078568,269519.33256245626
2026-10-02 01:30:00,0.019295589340479834,0.019299429114788633,0.0192829878680761,0.019285504898321985,0.001279215305465664,Reliable,-50669.87434283688,-71782.9435690264,-125079.25308374332,533488.9320542125,546883.0256350995,583747.4656986597
2026-10-02 01:45:00,0.01928501868821054,0.019339154475515794,0.019281571919506003,0.019339154475515794,0.0013961695907978022,Reliable,-135292.91174057958,-156961.06430238293,-208759.66698949688,77960.68837174017,91726.19839547104,129219.25917572546
2026-10-02 02:00:00,0.01934131421594316,0.01938144780422146,0.01934034122416737,0.01936542982077721,0.0026265919668410076,Reliable,-129443.14485256794,-151385.2463514253,-202433.73936325673,39740.880764834386,53689.30647961726,91490.5342616393
2026-10-02 02:15:00,0.019364184919554533,0.01937091107382088,0.019347985706008347,0.019365807478423272,0.0025934148756369345,Reliable,-133509.70042535226,-155503.76677537,-206542.18780840875,40742.49723358285,54763.85443224295,92570.29969744301
2026-10-02 02:30:00,0.0193651684277312,0.019372930936072938,0.019353777202530897,0.019371853850013,0.002505263870545682,Reliable,-134586.16058166,-156591.17888799624,-207455.96775342972,43634.473066992454,57698.86097605205,95573.81355363985
2026-10-02 02:45:00,0.019371971083763144,0.019413695179732085,0.019371971083763144,0.019409682182348415,0.002503720791815889,Reliable,-129527.41948290716,-152061.2384323689,-201937.28116348368,60812.9874407538,75179.75983516003,113483.07697767258
2026-10-02 03:00:00,0.01940991969943804,0.0194314745963424,0.019387494999327234,0.019430965330107793,0.0023436497826915927,Reliable,-147665.28779272593,-170420.08627229792,-219678.22311652792,81781.31740215111,96519.33005723756,135063.47212795174
2026-10-02 03:15:00,0.019429855379703053,0.019429855379703053,0.019412138525205732,0.019424423399200662,0.0016384990183387015,Reliable,-152687.47915124914,-175370.06683147806,-224818.17238247453,79432.2036557209,94056.36706324191,132526.4993529476
2026-10-02 03:30:00,0.01942516755145714,0.019445879466594356,0.01940826936683804,0.01943986494702569,0.0016210486314516936,Reliable,-153641.32607304025,-176484.34561281608,-225483.9939532879,91632.07067574238,106525.71249253854,145170.51717654968
2026-10-02 03:45:00,0.019440966908777155,0.019448351301487917,0.019433490253450602,0.019447112070434813,0.0015783778296984963,Reliable,-154650.91078189405,-177569.24469409912,-226358.35353408783,98245.67540896153,113265.7536084997,151992.51270867465
2026-10-02 04:00:00,0.01944606477919553,0.019450565077420823,0.019379216703329344,0.019379216703329344,0.0015740430342657153,Reliable,-172499.92756609645,-194728.72807104755,-245518.6764063697,54726.45576578763,68872.66921174001,106864.29299535647
2026-10-02 04:15:00,0.01937821231087418,0.019381655862386295,0.01935611759206361,0.019381655862386295,0.0015881095294664194,Reliable,-168266.14237078853,-190504.68709104875,-241193.84531276184,55172.7494761501,69319.6352887666,107305.62507187772
2026-10-02 04:30:00,0.019383256215230907,0.019432123769943084,0.01937898764560326,0.019427019897190125,0.0015648138493317809,Reliable,-152723.01924983837,-175432.57960922737,-224805.29058053647,79939.02640011435,94536.85543394076,133036.36376061582
2026-10-02 04:45:00,0.019427902258297207,0.01948996919042698,0.019427902258297207,0.01948996919042698,0.001557944923674315,Reliable,-138404.1048553037,-161794.25625694738,-209339.2044280639,126890.15750434718,142356.1456432102,181567.24452960267
2026-10-02 05:00:00,0.019489937141005536,0.019495815095092874,0.01948321991536419,0.01949532126670355,0.0014359870450056933,Reliable,-141788.0197589675,-165233.84180304132,-212622.79885421766,136251.4397444271,151792.117526155,191063.66424074376
2026-10-02 05:15:00,0.019493645237472063,0.019524901658353966,0.019484674296869144,0.019524901658353966,0.0014349629459931457,Reliable,-134053.12939382193,-157733.46714126162,-204347.4064999988,168018.82768692594,183961.64123656237,223572.39755516985
2026-10-02 05:30:00,0.019525252697990252,0.02038881120353993,0.019525252697990252,0.0202010309008194,0.001469055641228012,Reliable,-192968.719159416,-207376.9918502164,-248393.89235261918,85342.82969844097,114441.71772605999,165230.37382684796
2026-10-02 05:45:00,0.020197956778615266,0.020197956778615266,0.020103495404358965,0.020106311170014657,0.0016022145210732308,Reliable,-233676.40831959888,-248503.36324056252,-290246.87053839274,36917.44241752422,62354.32386088714,111627.3597427283
2026-10-02 06:00:00,0.020105995343308855,0.020105995343308855,0.01973586639483964,0.01973586639483964,0.002136325114972193,Reliable,-211628.27356961,-232341.89017396374,-276995.04695713747,47860.990744112976,63369.806118122164,106146.76316959666
2026-10-02 06:15:00,0.019735404030518384,0.01977106147041708,0.019715130559556517,0.01977106147041708,0.0017362914444885246,Reliable,-198091.85291080087,-218706.680428913,-263000.9675002846,69191.43748512845,84914.72824105957,128210.17772998319
2026-10-02 06:30:00,0.01977155635075853,0.01980231770279416,0.019760163016339264,0.019764002177977073,0.0016803671312741076,Reliable,-205771.6853738513,-226558.17950183715,-270953.3030712048,66072.47446428794,81776.9197100784,125000.2988287569
2026-10-02 06:45:00,0.01976318284872378,0.019845286303998514,0.019669378937594753,0.01983140604314758,0.0017540578309985344,Reliable,-266139.7800383717,-285477.9156214671,-329182.72394942306,158885.46795974902,176114.20512506855,220331.59417319184
2026-10-02 07:00:00,0.019831097238701356,0.019836150856189394,0.019759503260487334,0.019759503260487334,0.0009311197531338689,Reliable,-257556.8712454223,-278439.9450605493,-322881.09322369547,72262.69492424521,87836.71328256502,130946.65373903207
2026-10-02 07:15:00,0.019759196149358272,0.019759196149358272,0.019734349924609228,0.019734349924609228,0.0009371279233788554,Reliable,-283226.2916899847,-305927.32649220567,-350625.67919830536,56196.77628332226,71616.99215937806,114360.53047524109
2026-10-02 07:30:00,0.019734107816910065,0.019751249352875803,0.01972853341842237,0.019750842823240987,0.000939021683115726,Reliable,-306031.17281672027,-327100.13050266454,-371629.85822963354,74347.85838171151,89868.93272280069,132852.74516780864
2026-10-02 07:45:00,0.01975073298695116,0.019758050103582638,0.019749957217120348,0.019758050103582638,0.0008648685803256395,Reliable,-203297.82014862326,-224175.25201790087,-268631.264826453,60626.69462798645,76191.83018450464,119280.60922961643
2026-10-02 08:00:00,0.019758079590149545,0.019815780713420387,0.019758079590149545,0.019815780713420387,0.0009691282755032616,Reliable,-285728.8342567454,-305374.9397860987,-349239.90190031537,142228.43594121045,158515.0602285932,202443.93612734176
2026-10-02 08:15:00,0.019816319151224105,0.019833139175839544,0.019816319151224105,0.0198291266987605,0.0007478374093594197,Reliable,-188711.4528361535,-208067.958363867,-251778.97267224817,110902.50477479016,127547.5860270589,171649.64793191754
2026-10-02 08:30:00,0.019830333236003864,0.0198679898165374,0.019830333236003864,0.0198679898165374,0.0007469121429348746,Reliable,-169360.9506607396,-187887.1966685489,-231199.55721028656,138188.39216611997,155875.65339644803,200542.35270704003
2026-10-02 08:45:00,0.01986766464744622,0.01990055191080396,0.0198566675894396,0.01990055191080396,0.000725514266036531,Reliable,-233053.2940026674,-250904.69873522752,-293882.6765126969,250103.4727004785,268682.2401850853,313821.6050655932
2026-10-02 09:00:00,0.019900129931738328,0.019900129931738328,0.01984499651273971,0.01984835703886659,0.0006940606751372647,Reliable,-232046.32842594548,-251024.97457145381,-294538.7852820243,157546.8058586988,174696.1950404451,219077.72125531928
2026-10-02 09:15:00,0.019848598698550324,0.019880832690596033,0.019848598698550324,0.019880832690596033,0.0007329288000699208,Reliable,-125545.16227079908,-143822.62016505323,-187003.13581014087,114752.94753694137,132813.542666686,177666.71307665174
2026-10-02 09:30:00,0.01987837791612506,0.019920434409928838,0.019877108317433455,0.019916869211753212,0.0006185132498565338,Reliable,-166150.24957839557,-183648.92514822804,-226459.78683899503,204733.44931255482,223793.44760486946,269169.52608209086
2026-10-02 09:45:00,0.019917442705493293,0.019924150274026903,0.01991643121337528,0.01991978165981452,0.0005877069247192335,Reliable,-249313.7595215144,-266738.3819738552,-309538.45473441307,319323.1809293126,338457.9187509896,383889.62389872374
2026-10-02 10:00:00,0.019919459998793035,0.019919459998793035,0.019795545228252963,0.019795545228252963,0.0021176900442689828,Reliable,-171652.37913426413,-191777.046721906,-235836.62563898,76836.46480846146,92633.17730665188,136252.8729517622
2026-10-02 10:15:00,0.019795129192469292,0.019795129192469292,0.019750654133222946,0.019750654133222946,0.0009575253015007057,Reliable,-316143.1448576958,-337235.9563074929,-381754.9960775471,74014.60571461146,89536.32647460098,132502.54810872092
2026-10-02 10:30:00,0.01975090045104719,0.01978777013436077,0.019743939292670976,0.01978777013436077,0.0009244234125623585,Reliable,-79433.71981566004,-99730.99799214769,-143871.1329428215,43191.672438588364,58949.43577126782,102457.13626252259
2026-10-02 10:45:00,0.01978828270592583,0.019817355129810116,0.01978828270592583,0.01981626176832362,0.0006884396076153986,Reliable,-301713.0606630372,-321394.9354774722,-365243.199270268,149396.90309032,165681.23473895862,209603.38219593678
2026-10-02 11:00:00,0.019816824513655427,0.019855662837224283,0.019816824513655427,0.019855662837224283,0.000628402070043954,Reliable,-282211.7733951208,-301041.6027099307,-344485.8175676981,202390.63714150537,219758.89799868505,264253.69339639775
2026-10-02 11:15:00,0.019855952210136855,0.019889080269244273,0.019855952210136855,0.019889080269244273,0.001602852295610968,Reliable,-124325.33792988332,-142431.82543104203,-185532.97070144495,121064.3828019901,139351.11955101995,184331.1526597732
2026-10-02 11:30:00,0.019889023330145066,0.019889023330145066,0.019811220942389525,0.019815178277111926,0.0009114149781943581,Reliable,-313543.8140988102,-333273.07886873104,-377137.4621295418,152092.1209565393,168328.90985798876,212235.30201241444
2026-10-02 11:45:00,0.01981577290321485,0.01982552695710949,0.019759457416084366,0.019759457416084366,0.002138708949028345,Reliable,-262314.8976512678,-283247.59068448964,-327685.27186643594,70079.94252344777,85681.39096127864,128776.95136890668
2026-10-02 12:00:00,0.01975903678919688,0.01975903678919688,0.01953408886722011,0.01953408886722011,0.0010576413771843374,Reliable,-147338.6210758246,-172830.94874374347,-219582.74223436887,196016.37299128194,210212.8523411494,250017.2014750348
2026-10-02 12:15:00,0.019533813220661576,0.01955824663432317,0.0195277741414544,0.01955824663432317,0.0008792049373001154,Reliable,-167322.8394045991,-192113.31772863813,-238617.62460831527,290237.45273576287,304692.3312416328,344850.3781140299
2026-10-02 12:30:00,0.019558595067161337,0.01958628617921937,0.01955596097489895,0.01958628617921937,0.0008337095384229887,Reliable,-217684.2228256913,-242100.83902499272,-288317.6558517048,529359.0384899538,544007.956287901,584576.2608330321
2026-10-02 12:45:00,0.019586185727451817,0.019588975103674137,0.019575792811968907,0.019575792811968907,0.00048190518177593233,Reliable,-232404.23206367312,-256899.09619726593,-303223.5314234059,502911.2123986373,517486.111605741,557900.9179505559
2026-10-02 13:00:00,0.01957588622347172,0.019581975826722768,0.01955767222587221,0.019557958586034513,0.0004245673936559946,Reliable,-268700.0242632374,-293391.5939524204,-339898.8528813714,479991.6478215507,494443.263901094,534597.0946995172
2026-10-02 13:15:00,0.019557786597504363,0.019558212641906936,0.01952137293495758,0.019551937676745134,0.0005958035483893287,Reliable,-148895.94836238946,-173731.70140285481,-220300.6592044767,240526.80179382907,255159.0652387932,295224.7627367
2026-10-02 13:30:00,0.019551766250716748,0.01958399285076851,0.01955126543679434,0.01958399285076851,0.0004466256382714695,Reliable,-222149.784819673,-246541.95541159826,-292651.94281010877,528271.9903619027,542877.7989883274,583412.5599692346
2026-10-02 13:45:00,0.019584543846011573,0.019588000278203493,0.01956100747062921,0.01956100747062921,0.0010678693685245877,Reliable,-174669.24443744225,-199390.2773218663,-245731.89987710942,313816.4581507762,328520.863592052,368719.3183993575
2026-10-02 14:00:00,0.019560979197295377,0.019654670698850716,0.019539085053758946,0.019654670698850716,0.001624142467416445,Reliable,-33914.30723835204,-56985.010104559195,-102381.6919073541,115228.31002013914,130720.69897273823,172288.3347297289
2026-10-02 14:15:00,0.01965507953921549,0.019819414827429938,0.01965507953921549,0.019786065263904456,0.0027358299104085727,Reliable,-149431.79077773786,-169682.25868409133,-213751.53723145407,74573.1871078988,90272.6752948649,133755.56682409003
2026-10-02 14:30:00,0.019785082127110522,0.01980875132784505,0.01978279214316104,0.019786541016826458,0.0016890717555651858,Reliable,-209326.98602713706,-229655.22786418648,-273719.6956717228,89067.15456585433,104769.50674892514,148259.32145488085
2026-10-02 14:45:00,0.019784941957061694,0.019784941957061694,0.019651325747056844,0.019651325747056844,0.0022876098801888566,Reliable,-65174.35107332977,-88460.60333230146,-133891.0791884132,320120.4986658663,335007.4747909778,376526.2698637666
2026-10-02 15:00:00,0.019651048101110975,0.019651048101110975,0.01961100057317007,0.01961100057317007,0.0010103970800542372,Reliable,-194169.7833189861,-218337.19667759197,-264178.7008967747,640768.8529172373,655413.2627499851,696347.670183268
2026-10-02 15:15:00,0.01961061296326598,0.01961061296326598,0.019508195166044157,0.019508745757415784,0.000986504456141013,Reliable,-290113.8511716504,-314847.02516695013,-361990.4295907471,313537.784225307,327511.8473254951,367000.86098487175
2026-10-02 15:30:00,0.01950967709286336,0.019528755200984748,0.01950967709286336,0.019512319638403008,0.0008218205259569178,Reliable,-283692.0067720194,-308378.4672775882,-355446.5708248313,317437.1859695862,331444.825147976,370974.3027955443
2026-10-02 15:45:00,0.01951238225773829,0.019521061483479,0.01951238225773829,0.019517418923608486,0.0007597651457620814,Reliable,-276798.9454851756,-301260.5931131331,-348175.8266185535,326990.2382987828,341325.5051649757,380912.7112287772
2026-10-02 16:00:00,0.01951780227616664,0.019525526519066763,0.01951114997951702,0.01951114997951702,0.0007776031997083655,Reliable,-219837.72210506184,-244261.84176747623,-291365.0071480626,243126.0659055149,257386.46942390408,296902.70443538844
2026-10-02 16:15:00,0.019511042162852966,0.019520673764809718,0.019510754478524288,0.019512823816073638,0.0007766457828900729,Reliable,-255564.0480881833,-279984.48445634457,-327037.47436378774,288300.24834467453,302580.6418938422,342115.8276143425
2026-10-02 16:30:00,0.0195126837974687,0.0195126837974687,0.019487859328667884,0.01948944973497042,0.0010261558852303842,Reliable,-257257.68357482943,-281543.8724619852,-329313.1105084942,232425.1934848649,246436.35498850525,285728.76598761545
2026-10-02 16:45:00,0.019489272231045164,0.019491663626879534,0.01919760546899372,0.01919760546899372,0.0019897006515599003,Reliable,-114617.95663627061,-138072.0447624317,-194364.166066966,195992.36598933785,208249.53238892544,244159.31951063493
2026-10-02 17:00:00,0.01919619439240907,0.01919619439240907,0.019079912839444282,0.019083492663706913,0.0008639543906316938,Reliable,-299143.6270672035,-320808.77729712933,-379274.35536878364,218135.17444846907,230075.19079198595,264717.8523045679
2026-10-02 17:15:00,0.01908334232955044,0.019098070542800383,0.01906872744824045,0.019098070542800383,0.0008564515511352733,Reliable,-237649.57263848648,-255740.38691880088,-311173.8197372385,201512.13820054143,213593.78604407038,248383.617675022
2026-10-02 17:30:00,0.019099031241143805,0.019110577466228535,0.01907868220194365,0.01907868220194365,0.0008310912167664331,Reliable,-266352.2469541382,-284646.8825028788,-340287.2582335167,187785.10984017272,199870.3102227965,234464.39566836177
2026-10-02 17:45:00,0.019080081504392346,0.019108605390859467,0.019076749211690287,0.019108605390859467,0.0008554954909068879,Reliable,-240892.00775161112,-259069.78663201258,-314353.25935096235,226798.58293588672,239327.96163248285,274224.1122413457
2026-10-02 18:00:00,0.01910786900844095,0.019113674970773504,0.01909582362375889,0.01909582362375889,0.0008048260712510968,Reliable,-256879.0632319436,-275249.9314115382,-330649.26507454907,213969.84972117812,226352.5845747808,261119.73622952905
2026-10-02 18:15:00,0.019095604920894887,0.019095604920894887,0.01906712355238353,0.01908089834177414,0.0008659745448791334,Reliable,-232266.15629923946,-250860.0641435048,-306419.9720210251,167541.18458587004,179752.62115253793,214369.08594989736
2026-10-02 18:30:00,0.019080683817803187,0.019082876038335653,0.018862176811631097,0.018862176811631097,0.002722543639044539,Reliable,-98372.8081465372,-120131.52821911681,-177777.16436682228,402722.16122448933,413883.0725801466,446282.04871829937
2026-10-02 18:45:00,0.018862003852727783,0.018862003852727783,0.018771364796588176,0.018771765043723684,0.0012916688865034496,Reliable,-262941.7757510371,-283980.60776692315,-339415.91042774706,381854.81811341667,393143.5844778211,424621.1960230638
2026-10-02 19:00:00,0.018771859443565905,0.01877815189990758,0.01876690884267649,0.01876690884267649,0.0007966839036015916,Reliable,-264642.4199127854,-285697.0194393552,-341169.332661489,365137.8227606713,376403.6146631939,407838.8187524809
2026-10-02 19:15:00,0.018766905099625825,0.018766905099625825,0.018757590670476654,0.018765757102327044,0.0008128607429319868,Reliable,-257296.47386929492,-278362.02366139425,-333869.5667807683,350442.6210473183,361710.7306155604,393168.01626390306
2026-10-02 19:30:00,0.018765581451623294,0.018766637312268207,0.01872090459173288,0.01872267364751633,0.000878123728956437,Reliable,-279720.4562752522,-300266.59116396535,-355819.42919674714,245954.16615680588,257028.61634065027,288008.16078981163
2026-10-02 19:45:00,0.018722627146905594,0.01885892656409103,0.01870379833162737,0.01885892656409103,0.0011856466978822588,Reliable,-71223.7461826457,-91337.2501527697,-145215.8598987031,276284.4738032591,288102.5924863761,320448.8570062943
2026-10-02 20:00:00,0.018859016567744545,0.018970684041529715,0.018859016567744545,0.018970684041529715,0.0017073593766497197,Reliable,-93863.00526307743,-112657.06784221009,-165733.1686714266,38174.71645976587,50560.43406649986,84064.39396869572
2026-10-02 20:15:00,0.018971445322102324,0.0190334078408123,0.018971445322102324,0.0190334078408123,0.0015874379126485485,Reliable,-193799.8599450684,-211853.40966238047,-264326.3924473696,90166.37490729647,102977.425550884,137127.9807634243
2026-10-02 20:30:00,0.019033647601296173,0.01909257135186937,0.019033647601296173,0.01909257135186937,0.0007821737368354675,Reliable,-214414.75673942405,-232083.88582203136,-283986.8113896141,174430.05161590246,187093.46118277762,221852.93436774932
2026-10-02 20:45:00,0.019093652019279376,0.01909368595549178,0.01907422465845986,0.019081612827997713,0.0010492615634417834,Reliable,-195393.90484040818,-213221.29230164498,-265229.8920314559,142775.1228573462,155137.05892731165,189783.81693301868
2026-10-02 21:00:00,0.01908117214068258,0.019123493920685998,0.019080990791345225,0.01912320467263143,0.001195617821060902,Reliable,-183775.23251877198,-200932.37903049536,-252506.68386467727,198428.86839388256,211259.93019377012,246334.31449959136
2026-10-02 21:15:00,0.019123413353041532,0.019157491254596752,0.019123413353041532,0.019157491254596752,0.0009341064723884518,Reliable,-203585.34971981446,-220349.54388425575,-271503.8966190572,309916.4128865953,323107.5826807947,358576.3956960797
2026-10-02 21:30:00,0.01915786222163566,0.019162797529081534,0.019135843995167684,0.019135843995167684,0.0006103529280709021,Reliable,-197763.45840279263,-214742.05904261462,-266195.3401197679,241875.24109086968,254854.8192327648,290059.06250589585
2026-10-02 21:45:00,0.019135635034754954,0.019156118333242295,0.019126887023280626,0.019138518651468095,0.0008636396711437121,Reliable,-206502.2433963902,-223454.35990329515,-274870.7174138295,259757.0766989339,272765.9654344477,307999.7669790605
2026-10-02 22:00:00,0.019138308481283235,0.019139020107194742,0.019129795114960036,0.019129795114960036,0.000720110197172108,Reliable,-249574.04365273792,-266615.8616057029,-318127.07238085143,290070.05763615726,302978.6275448204,338120.7287465888
2026-10-02 22:15:00,0.01912940361783852,0.019142209548925017,0.01912226587613089,0.019142209548925017,0.0007460064888590301,Reliable,-175803.2393074901,-192699.8297247778,-244065.22942237384,227700.4105437841,240744.800887194,276024.3302807905
2026-10-02 22:30:00,0.019143095156348367,0.019145593361411393,0.019137045776227265,0.019137045776227265,0.0008503718629204737,Reliable,-243079.26367059982,-260025.63335204113,-311462.3242516173,303310.5013969361,316304.313913857,351520.9022966952
2026-10-02 22:45:00,0.019136655203878524,0.01915832408895055,0.01913580484704474,0.019153758909275197,0.0007060212050869596,Reliable,-205096.95106213624,-221882.17801299965,-273088.0853276823,300699.81822715985,313855.4229265357,349278.01300396194
2026-10-02 23:00:00,0.01915394193963788,0.019180552571095855,0.019148350862783558,0.019148350862783558,0.0010571480289539802,Reliable,-196335.89059470288,-213173.2686154373,-264453.866196007,271855.8281025172,284959.4229051732,320315.0294639365
2026-10-02 23:15:00,0.019148222502002855,0.019148222502002855,0.01913049645308566,0.01913049645308566,0.000676883811652873,Reliable,-201203.94471809958,-217517.73869304702,-269022.234338773,236946.18586989978,249863.10996222906,285012.4167372323
2026-10-02 23:30:00,0.01912941283625058,0.01914918629236429,0.019124066957312818,0.01914918629236429,0.0007775887851769524,Reliable,-233391.98264597706,-249399.97278417068,-300544.6929899651,332635.2116566203,345710.4701867497,380925.3524030253
2026-10-02 23:45:00,0.01914918642271873,0.019174021874928983,0.01914918642271873,0.01916803977602179,0.0006323337489451575,Reliable,-228682.90794817128,-244670.2039784454,-295554.4171380059,397227.25325700693,410483.7949758959,445932.07412880356
2026-10-03 00:00:00,0.01916799130813882,0.019193584027222214,0.019153355992189383,0.019193584027222214,0.0010086585301111173,Reliable,-103511.78407838558,-119471.01345334972,-170002.02656163383,225313.22390352568,238815.24083786586,274579.5623314754
2026-10-03 00:15:00,0.019193403460770156,0.019231351552165613,0.01918997811328391,0.019231351552165613,0.0008228124994041908,Reliable,-63210.098571293056,-79235.00873006819,-129243.29808602395,205254.47087916566,219119.1271768442,255350.33651087902
2026-10-03 00:30:00,0.01923141233114731,0.01923591435620551,0.019226342646324078,0.01923591435620551,0.0006804024133966193,Reliable,-109582.80533667294,-125631.61806101074,-175576.7143109711,432968.1771524128,446876.9245506197,483164.5089059076
2026-10-03 00:45:00,0.01923603280348464,0.01923669824875552,0.019226093373235824,0.019230850744804986,0.0008153314727046279,Reliable,-161520.88333813494,-177543.17012800102,-227558.39493382743,616171.2501308107,630031.3965516817,666256.4178303663
2026-10-03 01:00:00,0.019231000990208497,0.01925704182791054,0.01922721640769404,0.01925704182791054,0.0008108109954118925,Reliable,-108802.9909897225,-124962.5124972201,-174614.88530472657,651698.2914628247,665809.753157257,702358.2876155784
2026-10-03 01:15:00,0.019257302970832425,0.019269664823318756,0.019257302970832425,0.019267596826577738,0.0008698292501481131,Reliable,-102547.72042468387,-118762.5696569954,-168268.63041465406,798915.8220671696,813128.5154232285,849807.3633967958
2026-10-03 01:30:00,0.01926645068043381,0.019267020233689817,0.019261359198082084,0.019265527388477886,0.0007205938029596793,Reliable,-105235.37015652722,-121439.37070068158,-167886.9332231589,749812.5830773619,764005.5972779659,800658.898487907
2026-10-03 01:45:00,0.019266870156018065,0.019315621321043874,0.01926468709810803,0.019315621321043874,0.0008658537150792789,Reliable,-149785.53240556142,-164834.80883266934,-205970.4268109599,50905.720533871565,65538.80460895345,102810.11965972203
2026-10-03 02:00:00,0.01931563054289146,0.0194688667408495,0.01931563054289146,0.0194688667408495,0.0015495728482939342,Reliable,-182671.90985370925,-197653.84649969524,-237567.42894586624,147660.45265491927,163353.9106026104,202467.975696273
2026-10-03 02:15:00,0.019469168804143525,0.01949172623235985,0.019469168804143525,0.019484788557466305,0.0009139382471072153,Reliable,-204513.74028172647,-219567.98706212846,-259354.25443567926,186488.4753225131,202508.8159839534,241812.44980038574
2026-10-03 02:30:00,0.01948511574958851,0.019562457280125272,0.01948511574958851,0.019562457280125272,0.00111587032155116,Reliable,-77335.86987303471,-91629.77009462027,-131061.06035688474,138867.7215508644,157066.46564594898,197147.9963659884
2026-10-03 02:45:00,0.01956224663470985,0.01956224663470985,0.0195479024715059,0.01955032826807235,0.000817815396612298,Reliable,-202095.39982496016,-216556.4182082,-256004.0794531485,338246.5800983637,356077.2464986814,395942.00642134727
2026-10-03 03:00:00,0.019550328263984916,0.01957818809901161,0.01954697473227407,0.01957818809901161,0.0008621610021716908,Reliable,-146697.37391806385,-160484.66373560345,-199894.7026713887,325644.02641906607,344587.407672952,384303.8257250696
2026-10-03 03:15:00,0.01957838494823246,0.019604429272478352,0.01957838494823246,0.019604429272478352,0.000521832755145657,Reliable,-204152.03414257587,-217581.37587806917,-256955.91736628034,642125.7377261722,661824.8884169561,701957.8017070531
2026-10-03 03:30:00,0.0196020471124654,0.019612929382826372,0.019596411322726284,0.019605766845650803,0.0010123720707532202,Reliable,-209561.10803707974,-222996.2790197987,-262369.0095385082,672584.3258955117,692301.5341346903,732455.6696797463
2026-10-03 03:45:00,0.019605912935317864,0.01962670143490036,0.019605912935317864,0.01962670143490036,0.0004733501444380561,Reliable,-148364.506871777,-162013.13521725833,-201357.50195906902,638011.0748072836,657732.7640466014,698218.9584946564
2026-10-03 04:00:00,0.019626570495237153,0.019626825050390873,0.019615983116908473,0.019626825050390873,0.0008095743571584713,Reliable,-186107.55431446608,-199755.38492718368,-239099.58407382385,819381.3997080193,839106.4714289044,879594.626107008
2026-10-03 04:15:00,0.019626825068780898,0.019628305700358503,0.019623885723413104,0.01962804687846713,0.000430675685585058,Reliable,-170124.2988045856,-183764.24439587828,-223106.78694445395,759146.1042169647,778902.8918886366,819410.4213477978
2026-10-03 04:30:00,0.019629251088742593,0.019653596305244467,0.019629251088742593,0.019653596305244467,0.00037582997734311176,Reliable,-104318.65107413255,-117805.40317937813,-157113.27564788045,750668.3645732241,771087.9262473859,811973.676961873
2026-10-03 04:45:00,0.019653811143201933,0.019655289941693414,0.019650724458308635,0.019650724458308635,0.0004197107231377117,Reliable,-131861.15572804905,-145366.55150412716,-184678.32379758105,914961.5889118166,935306.6507235445,976146.8917758949
2026-10-03 05:00:00,0.019650589237633322,0.019650589237633322,0.019642128486028542,0.019642128486028542,0.0002523377935243597,Reliable,-127296.95416007249,-140858.1449077623,-180181.58589061795,721000.9982635758,741123.1785073882,781827.1807950386
2026-10-03 05:15:00,0.019642365361707204,0.019656895649782055,0.019642365361707204,0.019654113833774852,0.0003818010834564234,Reliable,-102009.29471751206,-115478.9744462448,-154756.40988989445,741739.3114782261,762030.9668707099,802876.216001
2026-10-03 05:30:00,0.01965397157159869,0.01966205732090379,0.019650433786628622,0.01966205732090379,0.000419415294435721,Reliable,-65993.04673509022,-79411.14697474994,-118678.00814715118,541929.1890553182,562425.664575986,603395.163088863
2026-10-03 05:45:00,0.019660437648093398,0.019663441650005935,0.01965600587000479,0.01966094609969579,0.0004221103439130403,Reliable,-108764.54377257083,-122189.86020399565,-161458.20094164004,975830.3696799254,996232.6649545595,1.0371847836251785e+06
2026-10-03 06:00:00,0.01966100251976266,0.01966523562967614,0.01965626918637296,0.01965626918637296,0.0003814374004407206,Reliable,-104059.26703149918,-117514.95253599592,-156789.51932925955,805587.782726993,825870.8314756475,866749.7963958684
2026-10-03 06:15:00,0.019656257020046985,0.01966854819847928,0.019656257020046985,0.01966308199557432,0.00035575593384491456,Reliable,-86862.80553757772,-100274.2514128482,-139539.7481620854,797462.5609066715,817919.5144753631,858905.0387807435
2026-10-03 06:30:00,0.01966302009479398,0.019664996187217454,0.019661672491636212,0.019663078771734534,0.0003793075610583951,Reliable,-103283.92129560272,-116695.38810718904,-155960.88914932494,983949.9357734268,1.0044068070570115e+06,1.0453922809425679e+06
2026-10-03 06:45:00,0.019662899836372157,0.0196874019543958,0.01966271819103744,0.0196874019543958,0.0007185882873929073,Reliable,-37526.22190897555,-50779.6747499262,-90012.7617706169,1.0176795297301332e+06,1.0387570327270892e+06,1.0801227958638198e+06
2026-10-03 07:00:00,0.019687401954329303,0.019941864511931324,0.019687401954329303,0.019941864511931324,0.0013450764130265025,Reliable,-214114.27158976422,-225702.94501128473,-264608.964845955,348424.94553268026,374195.3713755156,420090.041434536
2026-10-03 07:15:00,0.0199420544535415,0.02003702371052711,0.0199420544535415,0.02003702371052711,0.0006423486150573641,Reliable,-65631.68838115034,-76900.53697377205,-115702.78555172801,331928.49931112526,356567.7405871884,406070.443469031
2026-10-03 07:30:00,0.02003939527927554,0.02038019248777755,0.02003939527927554,0.02038019248777755,0.0034358111788888477,Reliable,-247097.21868441987,-258352.3354419649,-296198.5867091838,592496.4476976825,614248.7803792472,668699.4026083401
2026-10-03 07:45:00,0.02038036314778223,0.020736388972438888,0.02038036314778223,0.020736388972438888,0.0027550529162948508,Reliable,-125279.1101474913,-136362.79596175448,-173239.787590354,171422.58204397126,192105.41764598427,253934.80771940673
2026-10-03 08:00:00,0.02073657307076741,0.021072930444322954,0.02073657307076741,0.021072930444322954,0.0026339407161868333,Reliable,-119722.48467042022,-131039.45233793806,-166986.04940374414,85026.67813163192,104813.63211069196,171627.5924480191
2026-10-03 08:15:00,0.021073197475065843,0.021405526111388528,0.021073197475065843,0.021405526111388528,0.0029068870457777513,Reliable,-149156.4219732684,-160931.44770401355,-196317.31404642807,43142.93637220339,58658.08769712773,126004.41520706535
2026-10-03 08:30:00,0.021405890763264206,0.021937226110320035,0.021348738206419002,0.021348738206419002,0.0038132799053806734,Reliable,-56593.791971389415,-68851.34480381488,-104376.4958013423,16502.55168133159,31169.496687694187,95159.79192091263
2026-10-03 08:45:00,0.021347135053889736,0.021347135053889736,0.021150652516494593,0.021150652516494593,0.0035969333096230738,Reliable,-108862.9939832841,-122328.8300504464,-158160.73699657343,136880.4690172836,153622.0097994375,215423.34533477674
2026-10-03 09:00:00,0.021150615209226443,0.021150615209226443,0.021015591800756097,0.02102084706291539,0.001885147012064704,Reliable,-174446.3036033133,-188130.79140809478,-224831.10860267945,70949.93774832669,86728.47704753348,147043.31190644472
2026-10-03 09:15:00,0.021019828762431636,0.021039390860193165,0.02075877468965734,0.020779762573458448,0.005275980846302941,Reliable,-38272.03980422942,-52427.35794864342,-90752.25882917207,61819.23912665351,76452.90095701623,127903.16065552353
2026-10-03 09:30:00,0.02077970193586359,0.020857537872188695,0.020665979605584625,0.02066630226528664,0.0024018701141835797,Reliable,-184160.153981301,-199258.02565126176,-238472.40104214408,130638.83979289093,145000.71215700742,195542.19202652047
2026-10-03 09:45:00,0.020666468591597764,0.02066664939227501,0.02056726123936162,0.02056726123936162,0.001133791105730042,Reliable,-339953.9112453964,-355090.3256447194,-395004.16025975824,79636.43383236723,93930.45357931983,143660.93882720292
2026-10-03 10:00:00,0.02056751027652545,0.020646973377481902,0.02056751027652545,0.02064421625186554,0.0009776935568966971,Reliable,-259920.90174067422,-275082.54015920754,-314327.93962989835,149037.25479869018,163429.7515074986,213790.5493353778
2026-10-03 10:15:00,0.020644959585046994,0.020807443346060977,0.020644959585046994,0.0208072695156838,0.0023753165015014456,Reliable,-172832.91815465025,-186700.84130896447,-224715.48928507575,473793.6991119028,488632.18224107247,540309.1149111092
2026-10-03 10:30:00,0.020807829345092,0.020828932651459842,0.020778190924188585,0.020828932651459842,0.0006291488212401885,Reliable,-92727.26547987413,-106505.25550888537,-144377.9698956324,313868.5144306979,328768.0996907587,380617.1394262705
2026-10-03 10:45:00,0.020828892701672024,0.020839255181728397,0.02079778740314275,0.02079778740314275,0.0006340448744546646,Reliable,-317166.2941137985,-331121.2165946105,-369197.9602237492,802032.1044217972,815332.2362325813,861803.6647949595
2026-10-03 11:00:00,0.02079778653939721,0.020806410368996213,0.020623318605050865,0.020623318605050865,0.00591057380216724,Reliable,-99901.0136330014,-115222.40497657658,-154644.42928103305,51167.321402116664,63674.32275435948,109243.28951328437
2026-10-03 11:15:00,0.020622951160700464,0.020639021287819012,0.02058916848640671,0.020639021287819012,0.0012698124358747175,Reliable,-260582.52911937193,-275767.28106650134,-315052.1409084757,141589.36106818845,154180.5268562903,199733.96059599522
2026-10-03 11:30:00,0.020639401669348467,0.020920261874167144,0.020639401669348467,0.020920261874167144,0.002655203909145154,Reliable,-55416.61235563277,-69034.79949764897,-106310.22834007605,538859.9274551058,552730.4269526453,599529.5721519077
2026-10-03 11:45:00,0.02092028192572448,0.021019055556475232,0.020881741728874366,0.020881741728874366,0.0033552914221006702,Reliable,-55044.512810423665,-68723.32483066068,-106251.82216536762,234591.8240286571,248279.92641269567,294903.2862282761
2026-10-03 12:00:00,0.02088161409284284,0.02088161409284284,0.020857344343553883,0.02086047551411105,0.00037653433165529826,Reliable,-123485.38451283323,-137197.63243784505,-174865.687988766,754769.549532912,768359.4128321939,814885.655526585
2026-10-03 12:15:00,0.020860708798931128,0.020860767435988057,0.02085059674964949,0.02085059674964949,0.0003713512058439061,Reliable,-119533.55599545548,-133261.32763691994,-170994.18112781548,597437.2224576896,610982.6037718537,657463.7159496965
2026-10-03 12:30:00,0.020850086062148096,0.020850086062148096,0.020587563996654915,0.020587563996654915,0.002715724676529163,Reliable,-344859.80002529017,-360420.03365790925,-400143.52863059746,105812.37364376815,118250.3861080387,163533.59432748597
2026-10-03 12:45:00,0.020587555004041906,0.020589817565738383,0.02056634476724255,0.020572456914722724,0.0013575535314762632,Reliable,-348874.79647675244,-364550.87052246724,-404425.58106255863,87819.6778718506,100262.04033624021,145480.85997777528
2026-10-03 13:00:00,0.020572174896705972,0.020629044932487687,0.02057113700879992,0.020629044932487687,0.0008324778339727779,Reliable,-357294.0906208976,-372569.3521414873,-411967.5337608216,173545.51354410444,186098.30836130955,231575.9847756652
2026-10-03 13:15:00,0.02062952420145299,0.020685499553048912,0.02062952420145299,0.020685499553048912,0.0006317430302999139,Reliable,-189755.51968275013,-204816.29051802523,-244354.9294456469,158795.85164186877,171792.9834032257,217528.55283414657
2026-10-03 13:30:00,0.020686318416094498,0.020733412915434134,0.020686318416094498,0.020696693167211195,0.000950926978963551,Reliable,-319006.41723688936,-333997.15122662,-373437.46109755745,295070.19180354825,308130.3796449744,353917.0413295708
2026-10-03 13:45:00,0.02069650905378613,0.020712044179562974,0.020694190094775848,0.020705720149611057,0.0005412842585652555,Reliable,-240324.17999577697,-255250.12387565942,-294611.11365114234,240879.9531341495,253985.9618898398,299813.816367709
2026-10-03 14:00:00,0.02070554108023076,0.020734031674855637,0.0206904548418087,0.020734031674855637,0.0005750317377321235,Reliable,-225204.2742598024,-240097.34455026695,-279821.9941775505,291830.5351902823,305270.428170946,351229.5116820809
2026-10-03 14:15:00,0.020734249939441028,0.020837690183848526,0.020734249939441028,0.020837690183848526,0.0007885364441457821,Reliable,-171442.83000962893,-185577.07573492228,-224550.23530157196,714709.754008945,728680.7254519912,775193.5229111913
2026-10-03 14:30:00,0.020837790222205468,0.020866777205694825,0.020832301426711865,0.020853720734086183,0.0009152093475463197,Reliable,-159133.64798143596,-173242.78398093223,-212099.5166945703,872104.3483715499,886152.3517036514,932750.6547341759
2026-10-03 14:45:00,0.020853027621566156,0.020866318657057313,0.020851745587164634,0.020853396224574695,0.00037467509316002623,Reliable,-184745.33707718935,-198854.98151482074,-237714.07163757778,1.0211766328109723e+06,1.0352230770653988e+06,1.081819649516173e+06
2026-10-03 15:00:00,0.020853282698114622,0.02087277613283017,0.020842819506188753,0.020869313437602184,0.0006169680449760629,Reliable,-136974.29820116048,-151058.99704209357,-189802.42894230236,1.0404845057292264e+06,1.0546074085571081e+06,1.1012888501975923e+06
2026-10-03 15:15:00,0.020869312512207073,0.02126903393454327,0.020850787315376325,0.02126903393454327,0.0031631256762419736,Reliable,-22964.884168251687,-35847.483292079545,-72300.65491020339,61612.47101016264,80880.3091150995,130170.60124605127
2026-10-03 15:30:00,0.02126994102496037,0.021456397428454524,0.02126994102496037,0.02139120299534308,0.0031283185322868333,Reliable,-73820.07857375221,-86147.7266343217,-122371.88999254268,25983.838293994384,44381.077401605275,94317.91231906247
2026-10-03 15:45:00,0.021391490369221628,0.02141905303878566,0.021188109208253262,0.021188109208253262,0.0025949953273025628,Reliable,-278079.6743086956,-294933.71331438556,-331600.68435833853,463397.67762190744,479597.6765533778,528051.9132471628
2026-10-03 16:00:00,0.02118811445707439,0.021202315800654285,0.021154229006834495,0.021154229006834495,0.0007930292409338513,Reliable,-175081.14698885859,-189137.25914212017,-226467.4079403844,233212.62772251846,250452.66356604226,299318.50316697266
2026-10-03 16:15:00,0.02115429545375437,0.021163082289733844,0.021154025951978146,0.02115847254923987,0.000461905554526143,Reliable,-265239.3744513645,-279272.010861642,-316616.5260267124,368828.6855752324,386036.67794570094,434957.9406411381
2026-10-03 16:30:00,0.02115796494332039,0.02115796494332039,0.02102388057339496,0.02102388057339496,0.0010881956210646582,Reliable,-54728.10543865002,-69091.936849764,-106372.31476209562,34387.90742187207,48952.812047993204,96882.4009077889
2026-10-03 16:45:00,0.021024232327517003,0.02103596238692754,0.021024232327517003,0.02102440273339262,0.0007814989699917119,Reliable,-282365.5520796472,-296726.8507347472,-334003.73638192937,117433.24471524826,132004.10090879005,179936.18188900335
2026-10-03 17:00:00,0.02102461879676382,0.021044133852337322,0.02098911061299896,0.02098911061299896,0.0007181393749626785,Reliable,-372018.7062266975,-386554.9151279327,-424068.15396316483,100097.48418628977,114502.64913732182,162266.2212148631
2026-10-03 17:15:00,0.02098952470301682,0.021031907330157387,0.02098952470301682,0.021031751168761766,0.0008190373625593939,Reliable,-283568.64542347234,-297948.83108241955,-335349.8493598838,126742.60765685521,141494.43705198012,189683.03080042853
2026-10-03 17:30:00,0.02103211212999496,0.021050082007119175,0.02103061001489318,0.021049397304480452,0.000622119810485211,Reliable,-298271.88142646616,-312566.1891009539,-349849.13660624827,156923.91272318683,171974.76475380774,220247.8182772127
2026-10-03 17:45:00,0.02104922121740436,0.02105166488800884,0.021015733634740467,0.021015733634740467,0.0006196466098417731,Reliable,-400028.5383845649,-414487.09380343865,-451995.2315645411,146015.99186140866,160599.87542444054,208711.77369831616
2026-10-03 18:00:00,0.021015843181120337,0.021026692348029067,0.021015843181120337,0.02101668769073061,0.0007638038558417604,Reliable,-405189.40585992753,-419196.0708367497,-456697.86495534127,149404.6236467042,163992.8905871942,212109.35790933282
2026-10-03 18:15:00,0.021016388082566295,0.021016388082566295,0.020842654568765644,0.020842654568765644,0.0012619489266428863,Reliable,-136193.35362541163,-150593.67710647316,-189254.67445183764,445150.17617307947,458937.2008281507,506203.03204062686
2026-10-03 18:30:00,0.02084251320207872,0.02084251320207872,0.020697462247018166,0.020697462247018166,0.0009926160079869462,Reliable,-379556.28927958483,-395092.3715939552,-434774.72098715557,352555.8347596652,365678.36808997474,412227.08330233756
2026-10-03 18:45:00,0.020697462181677166,0.020697462181677166,0.02056435827103037,0.02056435827103037,0.0020532510251128257,Reliable,-224549.6694203269,-241230.1159535926,-282040.0951823432,54584.64586221545,67268.58701046214,113159.65506848272
2026-10-03 19:00:00,0.020564059713076746,0.020590145558787947,0.02032574493153263,0.02032574493153263,0.0025658320616065654,Reliable,-342557.3308841206,-361376.18064411666,-401381.5662289889,449544.1175785116,462149.59190236585,506842.71439154894
2026-10-03 19:15:00,0.02032536727969804,0.02032536727969804,0.020128686320416568,0.020128686320416568,0.001902730315919749,Reliable,-331153.5344859986,-350441.8259947031,-392393.6459646381,44762.86604350412,56855.456464993826,100975.27762926355
2026-10-03 19:30:00,0.02012856176353574,0.02012856176353574,0.02001130487964439,0.02002409841608605,0.0012091083464085052,Reliable,-68672.39903780044,-87001.78454566713,-129050.91414512934,263362.9745333567,275793.48046982085,319055.92310857313
2026-10-03 19:45:00,0.020024106775263083,0.02002592870596619,0.019985052949988168,0.019992212616981093,0.0005142212677222724,Reliable,-135609.62197583288,-154199.0649011524,-196421.03511017538,365980.7721120848,378298.39811429294,421215.1035393526
2026-10-03 20:00:00,0.019992261039677533,0.02002982793807927,0.019992261039677533,0.020024781659635896,0.0006441832280543291,Reliable,-190946.85141756752,-209209.03327928224,-251133.86725291633,860833.5808940233,873308.4877528175,916588.4507329352
2026-10-03 20:15:00,0.020024753370226,0.02003698642760805,0.020022679457861764,0.02003698642760805,0.0003489664502347001,Reliable,-141810.9799956485,-159957.6207460903,-201790.46022992602,779426.6258975894,791941.8297609552,835355.2136982515
2026-10-03 20:30:00,0.02003680621011443,0.020040915220425035,0.020032114147226356,0.020040205062930475,0.0003360627590057286,Reliable,-134733.25106434993,-152849.4070397871,-194657.97507946574,786803.0275408959,799328.8527502802,842777.4156243516
2026-10-03 20:45:00,0.020040516628598633,0.020040516628598633,0.020017000948938265,0.02001763454941394,0.00033307004460199076,Reliable,-244380.39070167855,-262602.48704708915,-304515.00634408824,995268.4173767739,1.0077197429555401e+06,1.0509215557669878e+06
2026-10-03 21:00:00,0.02001753900702989,0.020022927586251425,0.02001032612753336,0.020010984003778286,0.0005029891769826827,Reliable,-267943.1404997444,-286228.20244306774,-328189.37921488157,989111.9577125079,1.00154132349018e+06,1.0446704032927493e+06
2026-10-03 21:15:00,0.020010887505164516,0.020018647889397178,0.020010096708121473,0.020018647889397178,0.0003092380550675511,Reliable,-245026.33012279702,-263238.8461393459,-305143.95961639815,1.0145998540931969e+06,1.0270545320844508e+06,1.0702674261236927e+06
2026-10-03 21:30:00,0.020017553084907325,0.020020871111833084,0.020014081191490684,0.02001408119403336,0.0003140828007344609,Reliable,-259463.5769312456,-277719.40326451784,-319658.19321420224,1.0059096739276858e+06,1.0183493506801617e+06,1.0615123767752138e+06
2026-10-03 21:45:00,0.02001412945699542,0.020023252239340535,0.02001412945699542,0.020023252239340535,0.00031166250487424385,Reliable,-175536.67685005974,-193705.66382385677,-235577.3459257725,768511.1999164843,780981.1560491548,824244.4707745331
2026-10-03 22:00:00,0.020023336135581913,0.020027036536474255,0.02001317370075754,0.020013173701559334,0.0007188760423824103,Reliable,-262480.4740607455,-280711.5006465418,-322636.1154803048,1.0039242017804161e+06,1.0163608819531418e+06,1.0595139830471904e+06
2026-10-03 22:15:00,0.020013240718816494,0.02002038673572356,0.020013240718816494,0.02001965761002503,0.0003084856633373656,Reliable,-147344.75518501064,-165514.38491336326,-207391.99760873307,597272.692094744,609730.7809250094,652954.7898424012
2026-10-03 22:30:00,0.020019667650509828,0.02003308056739997,0.020019667650509828,0.020028356511079995,0.0004856065498495932,Reliable,-219341.45977297696,-237428.70151555637,-279243.2400872792,1.0693548336562067e+06,1.0818416391918568e+06,1.1251607609891025e+06
2026-10-03 22:45:00,0.020028276774549676,0.02003318441421168,0.02002462022172183,0.020025791032287858,0.0003250214030270371,Reliable,-218099.42792411207,-236216.15980380162,-278068.3418454314,1.0150461319559137e+06,1.0275269202016435e+06,1.0708179934683754e+06
2026-10-03 23:00:00,0.02002600988799069,0.020028891343450247,0.020025503293403524,0.020025503293403524,0.00032492980029945605,Reliable,-169398.06904570753,-187466.7583842476,-229290.66092673092,768614.1475667588,781093.9828588631,824381.9101473996
2026-10-03 23:15:00,0.020025329495193336,0.020025329495193336,0.020008561509573555,0.020008561509573555,0.0003022093813196179,Reliable,-271979.8975908935,-290127.1755096177,-332020.3409265636,972485.9949846101,984909.709226317,1.0280123645392596e+06
2026-10-03 23:30:00,0.020008721169960435,0.020018373683243718,0.020008675524494493,0.020018373683243718,0.00039317151212969737,Reliable,-188294.1004719864,-202816.7292474788,-244166.7009931941,756656.7783659042,769112.999132952,812322.9679784628
2026-10-03 23:45:00,0.020018200253127148,0.020019073182958445,0.020008556077441248,0.02001436604386511,0.0006163884916101203,Reliable,-193286.60906969898,-207816.085980052,-249181.96466567484,730539.7378623064,742982.6827753296,786148.8241499459
2026-10-04 00:00:00,0.020014524072141205,0.020023353281955144,0.020014524072141205,0.020023353281955144,0.0003147820972215332,Reliable,-138233.00603733867,-152741.36137511834,-194058.689934932,583113.6679945589,595586.3825126819,638850.8020469277
2026-10-04 00:15:00,0.02002321023686115,0.02004365908274538,0.020022130027666334,0.020022130027666334,0.000618954004615313,Reliable,-232660.96169688046,-247172.23238661868,-288496.1942746732,1.0125682977009409e+06,1.0250369793128017e+06,1.068288023489262e+06
2026-10-04 00:30:00,0.020021971996413104,0.020021971996413104,0.019986531018044432,0.019986531018044432,0.0006237586730986732,Reliable,-278175.0056318845,-292807.02779512876,-334314.1810345979,732320.5020246002,744636.4805128056,787440.2158052106
2026-10-04 00:45:00,0.01998653077721407,0.019996643051272515,0.019983797834599845,0.019996643051272515,0.0005030253700573972,Reliable,-217460.195700131,-231959.4686741444,-273412.31949952664,649260.1071674366,661607.8965344328,704522.4871715591
2026-10-04 01:00:00,0.019996568093566484,0.019996568093566484,0.0199891031309473,0.019989879917405567,0.0003258030440388193,Reliable,-324767.82357119356,-339313.6644017972,-380802.83589693357,904869.0905698801,917195.6050640015,960036.0564929046
2026-10-04 01:15:00,0.01998975040925014,0.01999396105013081,0.01998613891435384,0.01999396105013081,0.0004995002493168643,Reliable,-260355.70113552548,-274873.4572595529,-316340.72248416103,757621.9450337648,769961.3041498096,812846.4955028109
2026-10-04 01:30:00,0.019993993912114056,0.01999595809431346,0.019991502447664164,0.01999184387816783,0.00048667348338011785,Reliable,-241699.91505572488,-256232.2507889726,-297710.8859770444,681528.6716083564,693861.3705842951,736723.3527468636
2026-10-04 01:45:00,0.019991608892169364,0.020001086890097615,0.0199915107024731,0.019996200977064962,0.0004921617811425083,Reliable,-239866.5935559537,-254368.92644528626,-295824.1615602855,715989.6111700719,728336.016201492,771245.7610907706
2026-10-04 02:00:00,0.019996251255388193,0.019997243541859,0.019993736024439504,0.019993736024439504,0.0004827363212598357,Reliable,-239684.76833136976,-254204.07524971705,-295672.5489816436,692429.2528011209,704767.9040544135,747650.6286542903
2026-10-04 02:15:00,0.019993655740931118,0.019995131201358356,0.019985564026751817,0.019995131201358356,0.0002733807336088745,Reliable,-191413.7322855214,-205923.44709291167,-247384.43783049117,555500.6332402028,567843.6794217266,610741.6978605014
2026-10-04 02:30:00,0.01999529289490853,0.020022873993251252,0.01999529289490853,0.020022873993251252,0.0006230493784878722,Reliable,-192030.8150697177,-206276.93562488945,-246903.12870002034,843517.4318636734,855746.3779568282,898115.2484536254
2026-10-04 02:45:00,0.02002306657706977,0.02002560727453451,0.020019567060715213,0.02002560727453451,0.0005335636383421161,Reliable,-185302.66181252722,-199670.48387380212,-240281.9354451231,850354.8943208059,862670.1794742143,905068.9328509306
2026-10-04 03:00:00,0.020025433016633783,0.02004511297324599,0.020022395041726766,0.02004511297324599,0.0006127261717835397,Reliable,-75670.75875486567,-90036.04722928956,-130644.25364688449,448753.84911771514,461187.4127396557,503887.6244823425
2026-10-04 03:15:00,0.020045239828087775,0.02006327940137903,0.020045239828087775,0.02006056285249025,0.0006362999311855244,Reliable,-91953.87508785498,-106269.97740687364,-146771.60348359073,872743.5021968198,885230.8396230752,928101.3289525422
2026-10-04 03:30:00,0.020060772910619192,0.02006340439935319,0.020059360144522895,0.02006087773114203,0.000579359038986782,Reliable,-94383.78939527358,-108699.0953373692,-149198.99853674107,910160.2876751372,922648.7208313681,965522.6798475793
2026-10-04 03:45:00,0.02006087769924151,0.020065397068749397,0.020060385868536097,0.020065397068749397,0.0006555270573283423,Reliable,-75084.5502166053,-89381.95367908804,-129923.18188660598,807457.958271627,819985.8330652913,862952.0306004989
2026-10-04 04:00:00,0.02006541470854764,0.020069526191530396,0.020061674081426662,0.02006240471153706,0.00036384939222573466,Reliable,-102991.18350131834,-117296.15635077609,-157853.58012066231,1.0646223349742258e+06,1.0771397958753277e+06,1.1200728875898106e+06
2026-10-04 04:15:00,0.020062404750740705,0.02006510592587851,0.020061739480672244,0.020061739480672244,0.0006397451018493872,Reliable,-108190.39954507271,-122638.46105529468,-163273.59118822473,1.1006877726718874e+06,1.1132802199334148e+06,1.1562059515582009e+06
2026-10-04 04:30:00,0.020061652030951165,0.020063294901260683,0.020059683228902583,0.020061048545044848,0.0003635100968102156,Reliable,-88306.0950255813,-102755.90173310283,-143394.96943222336,843052.6928883377,855642.5321735642,898560.6191829185
2026-10-04 04:45:00,0.020061441512997172,0.02006350152977149,0.02006100418708544,0.02006100418708544,0.0003627845998924517,Reliable,-84596.3429597893,-99046.26170738525,-139685.58219450072,798592.1853010161,811181.8571530372,854099.4533747772
2026-10-04 05:00:00,0.020061004186515078,0.02006305081971691,0.020061004186515078,0.02006224810578963,0.0003345262667659332,Reliable,-106870.49865694049,-121317.27543353692,-161949.50690910424,1.1043195082607716e+06,1.1169138753283867e+06,1.1598452343736512e+06
2026-10-04 05:15:00,0.020062248104842643,0.02006432093638153,0.020062248104842643,0.020062499060969127,0.00017378747105505353,Reliable,-106380.17979233383,-120826.32267479411,-161457.12393705393,1.108115600255543e+06,1.120710914544804e+06,1.163645050128035e+06
2026-10-04 05:30:00,0.02006268671183505,0.02006369028069685,0.02006268671183505,0.020063010486863115,0.0003375350181538561,Reliable,-104532.43836567408,-118977.30250244537,-159605.19589884774,1.105416312503504e+06,1.1180135643261287e+06,1.1609533582102743e+06
2026-10-04 05:45:00,0.020063010493946702,0.020063010493946702,0.020040787472170016,0.02004080932309121,0.0003374797892979453,Reliable,-171943.9371213297,-186444.86093773707,-227199.23635788413,1.0539778255636916e+06,1.0664912573921804e+06,1.109185356176896e+06
2026-10-04 06:00:00,0.020036379090297242,0.020036379090297242,0.02001186362017646,0.02001186362017646,0.0003126975375957519,Reliable,-143322.32629481115,-157896.2802904602,-198815.41922249418,513081.1627055057,525485.2409262403,567858.7998945649
2026-10-04 06:15:00,0.02001170251150069,0.02001170251150069,0.020007233238223884,0.020008314985212886,0.00031076897735196065,Reliable,-277627.5913871689,-292210.5070214352,-333149.8424999957,989741.4719277588,1.0021321440721994e+06,1.0444663901095703e+06
2026-10-04 06:30:00,0.020008469751098365,0.020023184786119832,0.020008469751098365,0.020023184786119832,0.0003164566237172206,Reliable,-228615.1293694525,-243160.54118525604,-284015.265406894,1.0208757692702996e+06,1.0333226331064688e+06,1.0758215883362922e+06
2026-10-04 06:45:00,0.02002325457968588,0.020339835884352064,0.02002325457968588,0.020339835884352064,0.001031934296119652,Reliable,-79707.7248869514,-98341.63563865276,-136943.55448072887,83333.6399812993,102746.22321611087,147393.1970074009
2026-10-04 07:00:00,0.020340286815699195,0.020349456369372618,0.020323638114264252,0.02034921367639305,0.0006875469923946831,Reliable,-218364.0326260286,-231931.73641587736,-270500.39276865724,369657.68885777885,384945.58364867535,429650.91971399134
2026-10-04 07:15:00,0.020348820147253192,0.020434602023510027,0.020347019265349105,0.02043334360745683,0.0006926019048439924,Reliable,-208206.5159015266,-221295.3756396296,-259565.10288349423,1.0322685950007165e+06,1.048645187906013e+06,1.0939306788747073e+06
2026-10-04 07:30:00,0.020433507383494306,0.02043631151462139,0.020405974090125154,0.020422249777059937,0.0006868183615349021,Reliable,-235921.35297233865,-249055.52145171663,-287364.7210860903,977167.620129182,993400.873524837,1.0386099307220898e+06
2026-10-04 07:45:00,0.020422137853974513,0.020453794329771006,0.020419714068542285,0.020453794329771006,0.0004724306237182674,Reliable,-59949.30922229279,-72954.61657233739,-111151.56741107511,378963.5772126117,393810.0918283547,439236.46671718487
2026-10-04 08:00:00,0.020453868572776313,0.020605804744062674,0.020453868572776313,0.020594296384542132,0.0017491500281761935,Reliable,-270168.18445867713,-283517.6066383428,-321551.59129012236,97875.03326592308,111439.13446474716,157337.58002972612
2026-10-04 08:15:00,0.020594059605597036,0.020609816388600943,0.020593674706861707,0.020601588623532792,0.0007750940185074385,Reliable,-308733.9140642967,-322319.2177948527,-360326.6786616587,118600.47502538218,132179.14772816867,178117.72319464688
2026-10-04 08:30:00,0.02060204834440709,0.02063253836291191,0.020597648781883766,0.020621745475194804,0.0009664956459154439,Reliable,-215407.88278044868,-228810.0732031395,-266744.18151643546,105723.54852420843,119555.08450599566,165604.49784710503
2026-10-04 08:45:00,0.020621330783688274,0.020650628400799204,0.020621330783688274,0.020650628400799204,0.0007149185100056687,Reliable,-309563.00745761546,-322702.6460941249,-360531.5528262593,192248.01625957908,206577.4311762856,252785.57068021502
2026-10-04 09:00:00,0.020651058557439782,0.020701872752455133,0.020651058557439782,0.020683094195671377,0.0006168966187687586,Reliable,-320448.552792426,-333223.4667578724,-370602.635598141,263789.86155871715,277780.84872772906,323764.67818112345
2026-10-04 09:15:00,0.020683277004147488,0.02073304065618998,0.020683277004147488,0.02073304065618998,0.0006828946029409977,Reliable,-267872.49784625473,-280182.2251358715,-317380.8643226985,347996.7942378363,362405.3038943076,408665.0213736517
2026-10-04 09:30:00,0.020733438849058875,0.020783676297483292,0.020733438849058875,0.020783676297483292,0.0005094238138519946,Reliable,-252323.94453461756,-264131.0447170119,-301176.73343081085,542123.806159012,556886.9620863912,603494.0899287242
2026-10-04 09:45:00,0.020784069001801155,0.0208193593099443,0.020784069001801155,0.0208193593099443,0.000814832580102065,Reliable,-269620.8457287346,-281118.3098797393,-318056.0360413858,893283.9559414154,908296.7722016146,955148.4665147217
2026-10-04 10:00:00,0.020819359310341897,0.020828787730256905,0.02078865107669588,0.02078865107669588,0.0004040001341763633,Reliable,-219133.87461857317,-230891.5584180228,-267922.20425844926,494334.63752347534,509055.17914837704,555684.1721708555
2026-10-04 10:15:00,0.02078846790334925,0.02078846790334925,0.02063749976857348,0.02063760470693199,0.0011312484836793145,Reliable,-410390.35207406787,-423600.6709912192,-461146.03856629954,218397.3194057349,231918.78616611718,277653.25700975914
2026-10-04 10:30:00,0.020637883728989514,0.020663301888310927,0.020637815211246885,0.020663301888310927,0.000524293102123341,Reliable,-281377.44422991964,-294347.87164865196,-331799.3865827272,194108.53089001952,208191.9402732646,254067.33414691046
2026-10-04 10:45:00,0.02066382422850364,0.02068651280510469,0.02066382422850364,0.02068651280510469,0.000524332051522025,Reliable,-264634.973646655,-277388.5827626775,-314755.25044306857,225515.2094839639,239814.15485895646,285816.7618168165
2026-10-04 11:00:00,0.02068632879013524,0.020687548872210595,0.020685783561733943,0.020687548872210595,0.0004248247049847276,Reliable,-407503.5820297278,-420247.50998835685,-457610.38867717027,348888.8862162273,363197.4914323261,409205.7751440046
2026-10-04 11:15:00,0.020687620432944566,0.020688913074532137,0.020687162406489035,0.020687162406489035,0.0004187044186758637,Reliable,-411485.97264234937,-424233.51875879656,-461597.8108044561,351014.62128562597,365319.6678422554,411325.8539174695
2026-10-04 11:30:00,0.02068732835724209,0.02069884463314724,0.02068732835724209,0.02069884463314724,0.0004233016192890515,Reliable,-386950.63341006415,-399589.0017229453,-436910.5615930876,367705.26471906266,382118.7508148225,428188.9368051865
2026-10-04 11:45:00,0.020698845255671207,0.02072773387783606,0.020698845255671207,0.02072773387783606,0.0004170780734406465,Reliable,-333630.08065789484,-345998.3197858865,-383214.128998879,413800.2184727163,428481.7358452937,474710.11117426446
2026-10-04 12:00:00,0.020727735788453012,0.02076365078564089,0.020727735788453012,0.02076365078564089,0.0008703367694958608,Reliable,-171156.28921354807,-183166.37437201734,-220272.58782346366,294262.43979475065,309215.76129912195,355701.88367755746
2026-10-04 12:15:00,0.020766894753522044,0.02080129280115703,0.020766894753522044,0.02080129280115703,0.00038503421185185347,Reliable,-258583.79654845592,-270216.9599373345,-307209.3665183978,679772.2348235339,695002.9320663089,741766.1683310352
2026-10-04 12:30:00,0.02080145790124327,0.02089761679646245,0.02080145790124327,0.02089761679646245,0.0008200817851375053,Reliable,-37792.79181299992,-49261.287631086525,-85961.72425475213,595902.240129119,611841.5269943491,659312.6946973162
2026-10-04 12:45:00,0.020898061830405906,0.021062011081166673,0.020898061830405906,0.021062011081166673,0.008277322649059046,Reliable,-323010.50931984984,-334379.32616873813,-370568.7050017256,188583.34799288335,204535.82487585905,253164.61923589598
2026-10-04 13:00:00,0.02106202267349704,0.021084447366013333,0.02106202267349704,0.021084447366013333,0.0008102699094889809,Reliable,-367780.0599155964,-379171.10013068485,-415324.774326675,262826.78693231853,278952.8411444343,327653.85100230644
2026-10-04 13:15:00,0.021084743889674386,0.021108259178525175,0.021084742673712853,0.021103201940736845,0.00044409435721961545,Reliable,-362693.8473313478,-374176.5813064983,-410272.74952882883,307121.02300577954,323036.24416067736,371578.6065624893
2026-10-04 13:30:00,0.021105238452746023,0.021174529919225443,0.021105238452746023,0.021150185938939428,0.0012420474039574816,Reliable,-231779.36740752537,-243199.43417563412,-279154.4834181759,300200.3139538684,316517.66626317095,365354.0882544156
2026-10-04 13:45:00,0.021150171517175503,0.021150171517175503,0.021123308738977442,0.021123308738977442,0.0007829748876188259,Reliable,-254169.36152672608,-265626.6237672782,-301661.09555345395,258900.38609289753,274972.0314977151,323640.22720980644
2026-10-04 14:00:00,0.021123200303446957,0.021123200303446957,0.02098648671025612,0.02098648671025612,0.0011403480597596918,Reliable,-263162.28522310837,-274792.5333215406,-311245.9288992564,70943.2180489554,85938.09192849223,133749.17211026407
2026-10-04 14:15:00,0.02098570944920767,0.021249368718363127,0.020979930016854935,0.021249368718363127,0.0033226125339706593,Reliable,-14864.306792266267,-26018.54355564229,-61830.02181143193,24030.240001901166,40851.02195396186,90709.72542254959
2026-10-04 14:30:00,0.021250523558053357,0.02126543142225714,0.02123325134617468,0.02126543142225714,0.0006430798084854139,Reliable,-215915.7364444814,-227048.02240552945,-262836.1808199233,1.0527052340725737e+06,1.0696074168396008e+06,1.119631444884981e+06
2026-10-04 14:45:00,0.02126543258070932,0.021288574915051532,0.02126543258070932,0.021282558573423545,0.0003070250422731568,Reliable,-155685.39304367933,-166794.26092823705,-202557.53318408108,1.0304534159895928e+06,1.0474424647353558e+06,1.097642704530743e+06
2026-10-04 15:00:00,0.021282491418848023,0.02128337875894922,0.021268058539709717,0.021277774750643862,0.00034508248644744556,Reliable,-170106.681115006,-181222.09126610623,-216992.31670535047,1.026201301586963e+06,1.0431610099327016e+06,1.0933083807861914e+06
2026-10-04 15:15:00,0.02127794652617436,0.02127794652617436,0.021241171946624702,0.021241171946624702,0.0006035399207355407,Reliable,-162218.02289297763,-173383.4566917302,-209206.82768833224,542651.855788555,559426.5270321785,609197.3654289052
2026-10-04 15:30:00,0.021241121979063245,0.021241121979063245,0.02117734849239393,0.02117734849239393,0.0007246497488386794,Reliable,-381175.16746935784,-392476.42970277765,-428392.2325573106,639656.8075508125,655747.3556903595,704860.7877338487
2026-10-04 15:45:00,0.021177037146457422,0.021177037146457422,0.020981468952927584,0.020981468952927584,0.0011371742303732725,Reliable,-402406.69864101196,-413867.720087331,-450336.43861894635,92958.88478113293,107929.37060892207,155706.50965175952
2026-10-04 16:00:00,0.020981118491194637,0.020981118491194637,0.020802712287386997,0.020802712287386997,0.0032614164700347503,Reliable,-321105.46114630374,-332878.25512632966,-369884.0196044643,864519.615574928,878734.355688589,925367.4963312979
2026-10-04 16:15:00,0.020802639963702435,0.0208055486698266,0.020783559302016072,0.0207950647805516,0.00038063755535506784,Reliable,-379450.11825214396,-391298.6888129835,-428327.1816180028,938178.9375099889,952357.7640184012,998941.767088243
2026-10-04 16:30:00,0.020794912575613014,0.02080874115678694,0.020793014825509003,0.02080874115678694,0.00027301545971871735,Reliable,-346929.0952886539,-358607.6472384692,-395595.48925850977,1.0095076725325627e+06,1.0237367949708214e+06,1.0704086936380167e+06
2026-10-04 16:45:00,0.02080889642623324,0.02082171479748599,0.02080781695531052,0.02082171479748599,0.0003878723456423039,Reliable,-177181.3679886561,-188794.26340393318,-225743.52367123438,593013.6627950388,607302.7882620296,654058.0145347053
2026-10-04 17:00:00,0.020821611574129966,0.020821611574129966,0.020817546618219454,0.02082154161796895,0.0002550651522620351,Reliable,-315020.87734145095,-326633.89634020976,-363583.6717450812,1.0841746932428575e+06,1.0984630178784956e+06,1.1452171320179936e+06
2026-10-04 17:15:00,0.020821574124392773,0.020822909330352943,0.020818621641745066,0.020820327108615845,0.0002546133180322041,Reliable,-222162.79847385568,-233776.68413884524,-270730.072111556,739910.2334774816,754192.9417827904,800939.2563933677
2026-10-04 17:30:00,0.020820325584310902,0.020822111310450628,0.02081880926367434,0.020821464060164524,0.0002244875395295054,Reliable,-338739.639757747,-350322.1460593814,-387272.1521655949,1.1677896426256823e+06,1.1820770856386565e+06,1.2288286682788527e+06
2026-10-04 17:45:00,0.020821587939053376,0.020831267973833514,0.02081989437137958,0.020831267973833514,0.00022595559112736918,Reliable,-233135.4334464621,-244711.66305478162,-281632.5012691282,910703.8572073104,925036.6310262334,971851.1563675349
2026-10-04 18:00:00,0.02083138093985138,0.020861142033282896,0.02083138093985138,0.020843917140228024,0.0004704373684748742,Reliable,-263087.8667471933,-274655.99398875254,-311539.18313935824,1.2675757701133857e+06,1.2819670147069064e+06,1.3288627278500113e+06
2026-10-04 18:15:00,0.02084384846997268,0.02085327784559938,0.020838449442076083,0.02085327784559938,0.0002692306681043588,Reliable,-178019.0626952849,-189581.19102409176,-226436.5071782061,992335.371063803,1.0067698740983428e+06,1.053725652423753e+06
2026-10-04 18:30:00,0.020853382070109578,0.020856337834128973,0.02084466518651428,0.02084519252861708,0.00020908379805471,Reliable,-268319.11080672167,-279886.420849213,-316765.8129139409,1.323065194219108e+06,1.337462360735686e+06,1.3843662850561207e+06
2026-10-04 18:45:00,0.020845249441645196,0.020860522978799555,0.020845249441645196,0.020860522978799555,0.0002641432883136341,Reliable,-170015.38373653518,-181581.04029974923,-218432.6381392044,1.0950229111007818e+06,1.1094997198317328e+06,1.1565173867884686e+06
2026-10-04 19:00:00,0.020860522977382515,0.020873338201936733,0.020860522961529168,0.020869723002029057,0.0002806737247843305,Reliable,-163408.67372916618,-174968.43179994533,-211792.47698436602,1.3026187833553883e+06,1.3171380930772598e+06,1.3642149197208597e+06
2026-10-04 19:15:00,0.02086943721915729,0.02087135019494253,0.0208685966305506,0.020870447620066835,0.0002350376161202039,Reliable,-129227.03390311531,-140786.32729012647,-177608.2019448006,1.0238150566433729e+06,1.0383377134571096e+06,1.085419199119296e+06
2026-10-04 19:30:00,0.02087041136615382,0.020871548732719007,0.02086242020702442,0.02086242020702442,0.0002168834413926346,Reliable,-162181.4039378819,-173745.84431279098,-210591.76103572713,1.0844824072630832e+06,1.0989679936935448e+06,1.1459978739979865e+06
2026-10-04 19:45:00,0.020862455714994597,0.020868296950683807,0.02086061152010895,0.02086061152010895,0.0002481006194120505,Reliable,-105330.9080160498,-116896.50782354527,-153747.84054141393,643646.5815555812,658123.8117423393,705142.0604480039
2026-10-04 20:00:00,0.020860729468860383,0.02086558282185429,0.02085811666974437,0.020860661437160945,0.00027190176948326276,Reliable,-216758.20314286352,-228323.77095301266,-265174.9542025363,1.426315777169082e+06,1.440793237980521e+06,1.4878118077076701e+06
2026-10-04 20:15:00,0.02086066144342263,0.020869658979920266,0.02086066144342263,0.0208689226859739,0.00023242599230530747,Reliable,-183161.78486783197,-194713.9639846262,-231522.85198086407,1.4448904765851598e+06,1.4593973858929407e+06,1.5064537199326819e+06
2026-10-04 20:30:00,0.020868651870542793,0.020868651870542793,0.02086407296299588,0.020865560153515404,0.00019609874814729977,Reliable,-196826.93078471744,-208381.26660774808,-245200.17473266638,1.437911413404335e+06,1.4524028024854173e+06,1.4994375809924635e+06
2026-10-04 20:45:00,0.02086547158372731,0.020894260060482867,0.020864885596574324,0.020889190937819383,0.0003169896386021165,Reliable,-97822.32505614798,-109361.49739558944,-146109.96010756845,1.3966742275975235e+06,1.411274745942688e+06,1.4584610585304135e+06
2026-10-04 21:00:00,0.02088945863889734,0.02089281589849396,0.02088904552840763,0.020889420913722877,0.00020893334143059494,Reliable,-101359.7041299323,-112898.72881915435,-149646.5056414938,1.4712373055195922e+06,1.4858388856125167e+06,1.5330266725157895e+06
2026-10-04 21:15:00,0.020889099677634478,0.020889099677634478,0.0208647124528991,0.0208647124528991,0.000314115994437425,Reliable,-210426.04742899424,-221980.92691053223,-258802.36092545444,1.514150333143642e+06,1.5286375061020292e+06,1.575666545804998e+06
2026-10-04 21:30:00,0.02086471243188158,0.020864762463553847,0.020863368688872157,0.020863368688872157,0.00016070765679658815,Reliable,-164704.93564593606,-176260.6768857203,-213086.1147413196,1.1268581081301535e+06,1.1413390858476476e+06,1.1883595189338166e+06
2026-10-04 21:45:00,0.02086332036576747,0.02086332036576747,0.020860065601715796,0.020860065601715796,0.00021240103421189544,Reliable,-174717.42810821987,-186275.2874038112,-223110.566170304,1.1168497589943763e+06,1.1313119154576357e+06,1.17829942659211e+06
2026-10-04 22:00:00,0.02085993645679681,0.02086612205225745,0.020858145925804792,0.020865873319008472,0.00023107295701585429,Reliable,-204225.37597638892,-215779.51095080219,-252597.48591713796,1.5117678262639898e+06,1.5262568840985363e+06,1.5732815758722217e+06
2026-10-04 22:15:00,0.02086576320619341,0.020873068801879464,0.02086576320619341,0.020873068801879464,0.0003670636324062393,Reliable,-178130.1802434713,-189679.69962309275,-226476.23069360183,1.570110527145895e+06,1.5846329092957717e+06,1.6317036589202636e+06
2026-10-04 22:30:00,0.02087300151619789,0.020875285508307688,0.020872464589990425,0.020875285508307688,0.0002137706095152181,Reliable,-97451.53237120884,-109002.92707789302,-145799.9637790813,852548.929657407,867085.1406226796,914173.7221434591
2026-10-04 22:45:00,0.020875418280945315,0.0208835684685706,0.020875418280945315,0.020882103999670467,0.00028491748394290364,Reliable,-95779.59293127774,-107326.61260561462,-144103.27966297246,1.0381031370072643e+06,1.0526362068889074e+06,1.0997684680378435e+06
2026-10-04 23:00:00,0.020881965571032994,0.020881965571032994,0.02087885065541517,0.0208802793468197,0.00016214661985025636,Reliable,-165098.24738149007,-176646.43796059873,-213428.5565261878,1.7994965835879585e+06,1.8140214353811336e+06,1.861142008403146e+06
2026-10-04 23:15:00,0.02088019104776564,0.02088081094046954,0.02087464902717583,0.02087464902717583,0.00016205963302005078,Reliable,-165502.9981629002,-177009.73916778536,-213808.67703056376,1.5104500068881616e+06,1.5253749477155535e+06,1.5724594515394324e+06
2026-10-04 23:30:00,0.02087478389246823,0.020879508857292173,0.02087478389246823,0.02087660453696862,0.00016589159999380598,Reliable,-187406.87968610876,-198912.60952290765,-235705.7061544072,1.8320983138982232e+06,1.846992101655449e+06,1.894089143518502e+06
2026-10-04 23:45:00,0.020876523166488206,0.020882893926900396,0.020875696765785313,0.020882893926900396,0.00021006274349832932,Reliable,-99474.83440494865,-110977.31141864316,-147751.61829605704,1.1087920585557031e+06,1.1237231646764146e+06,1.1708604958101325e+06
2026-10-05 00:00:00,0.020882935692750824,0.02089777042037182,0.020882662015649502,0.02089777042037182,0.0002816140725784734,Reliable,-76857.2345839685,-88352.01356668281,-125081.85854556537,1.6796687858261154e+06,1.6946881398951772e+06,1.7419207443781162e+06
2026-10-05 00:15:00,0.020897776047212054,0.02095399009691359,0.020897776047212054,0.02095399009691359,0.0003963921471105137,Reliable,-195358.85313793487,-206824.4895301971,-243383.86295937197,82218.17701094621,97570.74511064148,145163.0907241025
2026-10-05 00:30:00,0.02095429449986187,0.02122573960721072,0.02095429449986187,0.02122573960721072,0.0019083372216117,Reliable,-285716.31165829726,-296913.6659746887,-332764.47750886495,805368.0633498518,822748.9469240032,872339.1718239222
2026-10-05 00:45:00,0.02122574227339324,0.021250043368278165,0.02122574227339324,0.021250043368278165,0.0005156132876240172,Reliable,-340034.19138361537,-351190.9167527537,-387006.32384594675,1.3266017460615856e+06,1.345099395154555e+06,1.3951849330520993e+06
2026-10-05 01:00:00,0.021250033907879447,0.021250033907879447,0.021240253974752023,0.021243141510167617,0.00025650955717482216,Reliable,-319934.9296267958,-331101.082992858,-366926.5487944119,1.1307876957348103e+06,1.149226294770941e+06,1.1992297543985783e+06
2026-10-05 01:15:00,0.021242929079284028,0.02124760765696467,0.021242332611265475,0.021245926577157005,0.0002095643331340158,Reliable,-241363.2624892056,-252525.61168522097,-288347.0189782912,878877.3523293358,896496.830494226,945781.046360704
2026-10-05 01:30:00,0.02124579703204823,0.02125560593931684,0.021243639972646635,0.021244705989097078,0.00040828487582178496,Reliable,-317263.0063839772,-328427.02284434513,-364250.20889668696,1.1452014601605295e+06,1.1628105268997892e+06,1.2120821072377726e+06
2026-10-05 01:45:00,0.02124470584206912,0.02124470584206912,0.021173247559603904,0.021173247559603904,0.0006002941552905039,Reliable,-240144.26551412232,-251454.78844194804,-287381.9182134392,386889.1305290083,403887.1876483645,452416.752333183
2026-10-05 02:00:00,0.021173086759103232,0.021193333045626015,0.021168813470558566,0.021181469538386233,0.000328093043610056,Reliable,-381929.3122952606,-393222.1208391238,-429137.3101811267,669262.9862484185,686331.4234473609,734946.4278416805
2026-10-05 02:15:00,0.021181469538385254,0.021188095249720353,0.021181469538385254,0.021187624857254835,0.00024291894297987556,Reliable,-454032.19801236864,-465313.4772701434,-501219.72421636496,847596.545587919,864718.254227576,913397.2115256661
2026-10-05 02:30:00,0.021187488068658684,0.021189698440461303,0.021185501737014237,0.02118828012642729,0.00023424639949607418,Reliable,-455662.60471972846,-466942.4693762092,-502847.76418708346,856365.9622592899,873493.2989542357,922179.0948626298
2026-10-05 02:45:00,0.021188280127239136,0.021190984249585296,0.021187842946471674,0.021188932800761704,0.00034509623637346554,Reliable,-302948.1431275948,-314226.59875743627,-350130.9451716752,570787.4003574031,587920.3466105905,636612.9230876808
2026-10-05 03:00:00,0.021186076516161435,0.021186076516161435,0.021169807202084712,0.021178162497990163,0.00023128062533706029,Reliable,-481129.36179259425,-492431.06544041075,-528351.058060393,817136.6086593842,834177.380586491,882758.0520996675
2026-10-05 03:15:00,0.02117816146503614,0.02117816146503614,0.020697917885768236,0.020697917885768236,0.0027152062129314203,Reliable,-67056.79280602811,-80140.74357924909,-117492.471577879,62291.724630028875,75448.36356546136,121433.34602965908
2026-10-05 03:30:00,0.020694801003432302,0.020694801003432302,0.02062556034957706,0.02063781235687104,0.0019109201434763794,Reliable,-504772.40210127295,-517499.10777402844,-555076.7342165095,266552.36665122706,279359.8592512514,325021.0181522528
2026-10-05 03:45:00,0.020637967990498746,0.02064698572750111,0.020637919871114456,0.02064698572750111,0.0004259811631325494,Reliable,-491993.1102058828,-504662.00671308435,-542205.1877924456,285040.15735560755,297901.13400835055,343611.7513262813
2026-10-05 04:00:00,0.020647148581854544,0.02072510999426737,0.020647148581854544,0.02072510999426737,0.0009869399735589202,Reliable,-305730.2235478887,-317888.8569633283,-355138.22738057893,369885.3099967815,383179.9648559428,429311.34633166454
2026-10-05 04:15:00,0.020725451375091374,0.020733921541091438,0.020725451375091374,0.020733921541091438,0.0003009711624518685,Reliable,-402404.30735120404,-414488.23443548253,-451707.8981476821,530400.503881824,543745.4042368155,589923.6139259964
2026-10-05 04:30:00,0.02073377200266235,0.02073377200266235,0.020521175010871428,0.020521175010871428,0.007180871131543642,Reliable,-345940.91865026933,-359288.92425361194,-397303.52212907135,34295.38231038556,46921.181426929645,91950.77029313396
2026-10-05 04:45:00,0.020521173442412353,0.02053204998439257,0.020514075076825736,0.02053204998439257,0.0006554832349005002,Reliable,-417801.731173093,-431085.54725916823,-469059.48111177556,50926.13517472011,63552.79304018822,108641.83939862411
2026-10-05 05:00:00,0.020532163323245273,0.020557579045642604,0.020532163323245273,0.020557579045642604,0.0005594415876172044,Reliable,-437916.76053102355,-451049.70842663944,-488928.12003013416,86393.16593629823,99021.83882653901,144249.9639069171
2026-10-05 05:15:00,0.020557579045643048,0.020557579045643048,0.02054932422529957,0.02054932422529957,0.0007118870728649362,Reliable,-219501.30050718164,-232683.06814062718,-270592.37655198923,44020.390933622744,56648.41240267428,101831.87104763808
2026-10-05 05:30:00,0.02054963386340664,0.020554773202633162,0.02054963386340664,0.02055214624548313,0.0005927278272125803,Reliable,-256983.94905255202,-270149.0489195806,-308047.79588785034,51539.34077795751,64167.62714517959,109366.41673067294
2026-10-05 05:45:00,0.02055135736756991,0.02055135736756991,0.020475377705870008,0.020475377705870008,0.0008823480162352126,Reliable,-110762.3950112073,-124293.04536490577,-162478.63385421748,1.5012662382018005e+06,1.5138884605145068e+06,1.5586674977516744e+06
2026-10-05 06:00:00,0.020475376138166586,0.020476779151047005,0.020468161447090773,0.020476779151047005,0.0002754468106719978,Reliable,-35386.88043365164,-48909.62166769636,-87089.98346892899,294187.9289046982,306810.2620212941,351596.9710356148
2026-10-05 06:15:00,0.020476795814676162,0.020483494020516937,0.020476795814676162,0.02047844909386495,0.0003299536282078916,Reliable,-103315.87972824588,-116829.19616922032,-155003.3295704489,1.6322307268416914e+06,1.6448531919857287e+06,1.689649042241513e+06
2026-10-05 06:30:00,0.02047890770307113,0.020483254812672547,0.02047842026126306,0.02048258165438557,0.00020278276591296774,Reliable,-87578.55369789462,-101068.56109630423,-139227.2796137753,1.6861331454629686e+06,1.6987559631959582e+06,1.7435744412552638e+06
2026-10-05 06:45:00,0.02048266692780127,0.020482765439293022,0.020210769656439996,0.020218911660106684,0.008516487168385134,Reliable,-36806.14345913242,-62759.65453032008,-102494.81666619849,16622.164979024707,28908.218789624374,72594.71180056842
2026-10-05 07:00:00,0.02021755019508841,0.020234079324921328,0.020214954260355387,0.020234079324921328,0.000596622624947174,Reliable,-425523.5707102908,-440779.6694761183,-480227.1231245689,234879.48062810782,247272.30072054328,290995.299577417
2026-10-05 07:15:00,0.020234184996823983,0.02029538377337715,0.020234184996823983,0.020287777241312047,0.0009378375388232607,Reliable,-453680.3625283413,-468415.4378369927,-507433.09900774015,422159.33349672536,434814.34572514525,478666.47598430223
2026-10-05 07:30:00,0.02028770549758467,0.02030540859663418,0.02028756920890721,0.02030540859663418,0.0003156861604041611,Reliable,-276602.6875340198,-291166.55328261235,-330042.94160236855,302333.2712274715,315074.32497041934,358968.8173942928
2026-10-05 07:45:00,0.02030564395647409,0.02031714164650367,0.02030564395647409,0.02031470849219399,0.000346327267712665,Reliable,-431050.8885677861,-445524.44965564035,-484326.29018249194,518407.74132851715,531194.1494493999,575110.9789581131
2026-10-05 08:00:00,0.020314675669431754,0.020314675669431754,0.0203136033484378,0.020314148979234926,0.0003426484818301878,Reliable,-431280.95512536285,-445759.95309879235,-484566.2792688876,515900.33345600247,528684.0131986844,572599.4989779027
2026-10-05 08:15:00,0.020314310071077354,0.020448424695220017,0.020314224144261848,0.020448424695220017,0.0010719665300333858,Reliable,-244141.46171417722,-257217.59672363746,-295503.6541986913,1.6284969979647058e+06,1.641540359296847e+06,1.6861718126530258e+06
2026-10-05 08:30:00,0.02044854309094745,0.020461350361610862,0.02044854309094745,0.020457387693942664,0.00019265292194838856,Reliable,-206226.4795801174,-219266.85604388604,-257519.51442235988,1.6926603841867682e+06,1.7057196822485887e+06,1.7504002344656484e+06
2026-10-05 08:45:00,0.02045738014667975,0.02046192278598023,0.02045738014667975,0.020461819845144814,0.00018011445897947453,Reliable,-188634.67673239956,-201657.36082600613,-239893.4994826724,1.7400033953185058e+06,1.7530705630539125e+06,1.7977753880925789e+06
2026-10-05 09:00:00,0.02046176806394026,0.02047039398978564,0.020461241974820264,0.02047039398978564,0.0002243181766661273,Reliable,-92836.00472533751,-105818.76802217854,-144015.35939609923,1.0237619489648227e+06,1.0368443384279348e+06,1.0815961125906138e+06
2026-10-05 09:15:00,0.020470472214874656,0.02047452018951699,0.020470472214874656,0.02047452018951699,0.00018051174012843064,Reliable,-112963.6691038931,-125934.82390001541,-164116.07442523862,1.5133433160151008e+06,1.5264370235305578e+06,1.571211387866773e+06
2026-10-05 09:30:00,0.020474517562672337,0.020475690182547638,0.020474068240606474,0.02047526932596446,0.00018248932934858964,Reliable,-97821.93180307503,-110790.09016122797,-148968.55521384708,1.3140011483376054e+06,1.327096205919548e+06,1.3718746741540022e+06
2026-10-05 09:45:00,0.020475160257133935,0.0204802693824315,0.020475160257133935,0.0204802693824315,0.00019548468959449417,Reliable,-108737.95956592946,-121686.07624157271,-159845.94790154663,1.9248645961776122e+06,1.9379686002992077e+06,1.982774439448075e+06
2026-10-05 10:00:00,0.020480270712301962,0.02052261509291995,0.020480270712301962,0.02052261509291995,0.0014968454341489413,Reliable,-308718.36633132247,-321496.63559392944,-359498.8474656024,261058.06418835715,274237.79322239803,319275.3040765093
2026-10-05 10:15:00,0.02052287747031612,0.02072558854071971,0.02052287747031612,0.02072558854071971,0.0011388345434986125,Reliable,-68783.47186669758,-88283.11705999437,-125525.94297989168,48063.13082278703,61458.139470108064,107592.2169286715
2026-10-05 10:30:00,0.020725696211535412,0.020747931890924214,0.020725696211535412,0.020747931890924214,0.00032366302476960485,Reliable,-414102.08070535,-426065.24311041104,-463238.72916745546,625467.4043945542,639003.0535093126,685254.901339685
2026-10-05 10:45:00,0.02074843058093996,0.020769109070402185,0.02074843058093996,0.02076627175985199,0.00037785859866112936,Reliable,-417880.3508269319,-429728.7156661501,-466847.8060535293,758949.3703813892,772566.1639843368,818911.667849986
2026-10-05 11:00:00,0.020766113502947606,0.02077740180410778,0.020765935779174013,0.020776903417553453,0.00028331333516522504,Reliable,-431583.6439727411,-443380.8213861328,-480500.0194227603,877132.1540576341,890835.4613237608,937272.749202253
2026-10-05 11:15:00,0.020776839497267382,0.020798484715784122,0.02077636571555696,0.020798484715784122,0.0002790640100938546,Reliable,-199589.74020672444,-211246.66538575428,-248301.04476502576,504269.5929926533,518109.37754405127,564658.8147807283
2026-10-05 11:30:00,0.020798742749363344,0.02086368135506744,0.020790622971979027,0.020790622971979027,0.0007959483147583768,Reliable,-242196.13344045664,-253904.08735626796,-290981.8176067256,563735.8023962233,577525.8175341694,624034.2364290877
2026-10-05 11:45:00,0.020790517912146027,0.020797976928179706,0.020771737354034737,0.020797976928179706,0.0004368496874220141,Reliable,-160261.13090116324,-171990.12185226846,-209026.5659445511,397592.01512046834,411450.9447095651,457964.7773007229
2026-10-05 12:00:00,0.020798297243325124,0.020876447215239256,0.020798297243325124,0.02087532021610397,0.0007713339016135022,Reliable,-197445.89536385928,-209020.6942521769,-245826.29806084457,1.6588684087204258e+06,1.6732305228350703e+06,1.7201438381830836e+06
2026-10-05 12:15:00,0.020875226992428927,0.020875226992428927,0.020817848419549177,0.020837104699881873,0.0009580264933028548,Reliable,-337807.1298136417,-349408.77809237334,-386328.52600968454,1.473208974868238e+06,1.487283674387437e+06,1.5339625982830508e+06
2026-10-05 12:30:00,0.020837232689725742,0.020864806146417177,0.020829996246191983,0.02085144966328283,0.0009180321671531377,Reliable,-265110.6077238008,-276702.1827082463,-313579.1038529582,1.4688751169185385e+06,1.483043112238761e+06,1.5297950908566706e+06
2026-10-05 12:45:00,0.020851045922813952,0.020851045922813952,0.020789847346676084,0.020789847346676084,0.0005598131394028316,Reliable,-203756.15840475293,-215537.7066768633,-252598.3747765315,466804.65320822445,480571.8357115239,527009.9136179072
2026-10-05 13:00:00,0.02078920795676641,0.02078920795676641,0.020759570255705895,0.020762489173814645,0.0004206126924004572,Reliable,-455019.36397294985,-466981.762801621,-504123.8954156448,795877.9775591337,809466.9294838305,855765.4519892228
2026-10-05 13:15:00,0.020762575376450647,0.020769376365575798,0.020762575376450647,0.0207642510549391,0.0002669749433942714,Reliable,-276981.3320157696,-288959.98927172634,-326176.3023881916,488669.7348995547,502300.2207964759,548710.7321489563
2026-10-05 13:30:00,0.020764955092582454,0.02076707938701227,0.020740471653249673,0.020740471653249673,0.00048271492944460535,Reliable,-551560.325881199,-563762.5941659875,-601157.4901644104,776584.2291535727,790131.3537097825,836583.2294267644
2026-10-05 13:45:00,0.020740409117253628,0.020740409117253628,0.02067125117142266,0.02067125117142266,0.0003749366919466146,Reliable,-556563.4425352502,-569137.3579844844,-606723.8070676014,407410.3920851441,420488.42397420865,466462.25547742035
2026-10-05 14:00:00,0.020671248117729663,0.020671248117729663,0.020639621778321782,0.020639621778321782,0.00042655436507628154,Reliable,-510931.7310314065,-523616.7541389705,-561211.9528394786,274939.84965111816,287746.4592375507,333397.87590291054
2026-10-05 14:15:00,0.020639524600741015,0.020639524600741015,0.020561093139540517,0.020561093139540517,0.0006831313688373086,Reliable,-251158.43630941096,-264283.4215553383,-302187.6095542888,57959.2327965513,70560.39236325266,115792.81365627615
2026-10-05 14:30:00,0.02056066760943079,0.02056066760943079,0.020517584818777544,0.02051774469719532,0.0008685344073939616,Reliable,-616478.6883486371,-629848.1680867344,-667928.3374433785,44814.495190637914,57413.829233980054,102419.97632580483
2026-10-05 14:45:00,0.02051796232353042,0.02052766714796133,0.020513936852422435,0.02052510383112985,0.0004440425615805932,Reliable,-604207.1327300909,-617535.470829146,-655586.7374879781,56152.10697549984,68752.1231866369,113798.08777685062
2026-10-05 15:00:00,0.020524976225277596,0.02054331468585195,0.020517549464652257,0.02054331468585195,0.0005578998963875481,Reliable,-329185.97912011936,-342418.58614724386,-380415.4046771139,53898.885965003516,66507.17407686432,111678.88650550712
2026-10-05 15:15:00,0.020543490652938562,0.020589195994301784,0.020543490652938562,0.020575370358617066,0.0006170948670461307,Reliable,-457321.62126879895,-470374.83951909724,-508245.22278548253,117578.48706167376,130189.74902405626,175533.24770400827
2026-10-05 15:30:00,0.020575452511153447,0.020582114156192998,0.020575440978446664,0.02057907535975316,0.0004009520497213925,Reliable,-568775.6975876419,-581808.2196760818,-619663.9802064114,150979.90524117014,163591.58851405664,208954.88415222266
2026-10-05 15:45:00,0.020579040190738397,0.02057962487530644,0.020522321156282188,0.020522321156282188,0.0006445754490814082,Reliable,-477656.94736712985,-491016.08658139984,-529121.3937758328,43766.24269958487,56382.42201682826,101466.22985926572
2026-10-05 16:00:00,0.020522057577387707,0.020533401147065408,0.02051758796283384,0.020524853728328244,0.0004805037762333875,Reliable,-609391.8192113583,-622736.7995372346,-660832.0874115097,56111.53000015291,68727.94559272201,113825.50331756425
2026-10-05 16:15:00,0.020524344727438585,0.02053014316390196,0.020518767083135624,0.020518767083135624,0.0006353726138451643,Reliable,-524142.7728129931,-537521.7801923172,-575641.1464210381,41678.648895066006,54294.49661184855,99359.00719026313
2026-10-05 16:30:00,0.020518766888087705,0.020518766888087705,0.020442613315144718,0.020442613315144718,0.0006647980179348423,Reliable,-70213.79836476539,-84018.1567128128,-122438.51297744221,323514.4155037681,336123.2530072965,380774.29725884454
2026-10-05 16:45:00,0.020442252293693425,0.020442252293693425,0.020405975660419816,0.020405975660419816,0.0005301825271338157,Reliable,-184656.49046513785,-197529.51431306102,-232613.23036834918,579257.3319733101,590639.590176246,634895.923486154
2026-10-05 17:00:00,0.02040591205259156,0.020409216185938137,0.02035246177518754,0.02035246177518754,0.00033877677063887113,Reliable,-502428.768687477,-515371.052058397,-550548.7079544899,883540.916526692,894919.7692734805,939007.3049570618
2026-10-05 17:15:00,0.020352437845664574,0.020352437845664574,0.020341517134910475,0.020342472323016877,0.0002179680426447117,Reliable,-595018.2288504685,-608106.8432162232,-643302.5103363787,946299.0078730988,957677.2244267514,1.0017332260407177e+06
2026-10-05 17:30:00,0.02034255223570318,0.020343811005493033,0.020331711475174246,0.020331711475174246,0.00021915141380768333,Reliable,-592075.7246554623,-605437.1415049533,-640652.2009996804,844146.8652705207,855739.8790030001,899761.9027906018
2026-10-05 17:45:00,0.02033163551605396,0.02033163551605396,0.02022246429354425,0.02022246429354425,0.0005269149879075563,Reliable,-506054.29652726685,-519392.40297532646,-555228.6203227672,246462.57790709872,257802.11443301695,301568.6598922388
2026-10-05 18:00:00,0.02022216497965326,0.02022216497965326,0.02011925011375046,0.020119809962602424,0.0015785627956522983,Reliable,-569437.1079804183,-583212.7392849482,-619667.37130184,52362.56325275684,63565.33984182354,106911.43866435009
2026-10-05 18:15:00,0.020118644799918203,0.020134458858862055,0.0201145181748585,0.020134458858862055,0.0005235974092980822,Reliable,-387932.1067550446,-401623.3265024831,-437952.60949020996,55561.46258567072,66769.50106651426,110238.36587856973
2026-10-05 18:30:00,0.0201347929520745,0.020143549026608084,0.02011317344892303,0.02011317344892303,0.0006033002132463938,Reliable,-367943.24530466134,-381723.59680079075,-418174.63341584615,31023.451091233102,42208.18874305878,85468.76859941162
2026-10-05 18:45:00,0.020113119865737186,0.02013161615990644,0.020102860095109344,0.02013161615990644,0.000607788557552702,Reliable,-573350.2519952779,-587048.301561246,-623374.8141549814,72256.2484674656,83455.54924121524,126876.09754220737
2026-10-05 19:00:00,0.020131711454343643,0.020160724027698015,0.020123901686097855,0.020160724027698015,0.0005458910327859279,Reliable,-372953.5740097021,-386527.6157012379,-422680.2785093192,85453.0859323176,96682.05371881655,140258.2911056579
2026-10-05 19:15:00,0.020161036952375692,0.02017429544626016,0.020161036952375692,0.020173363296491106,0.00045694385632790715,Reliable,-574857.1447664612,-588377.3072381794,-624454.4298394631,153254.59117428356,164496.43435337686,208103.1459963684
2026-10-05 19:30:00,0.020173278687950612,0.02017426916879557,0.020145331483705602,0.020145331483705602,0.0004616925434875352,Reliable,-629528.8972711976,-643168.5285542245,-679413.1453015179,105163.6494667447,116376.93169772261,159916.04356522064
2026-10-05 19:45:00,0.020145278724437676,0.02014561684935047,0.020135230139112552,0.02014443621578392,0.0005273755536045144,Reliable,-596199.0253197957,-609842.583350318,-646092.5469572765,98404.47563112766,109616.84536754504,153153.79748785376
2026-10-05 20:00:00,0.020144549879710618,0.020158897761474694,0.02014227551012389,0.02014227551012389,0.00041928985367065683,Reliable,-632799.805833065,-646488.931698976,-682824.0164434203,99498.84754100624,110748.18046194248,154346.98168044642
2026-10-05 20:15:00,0.020142316677863033,0.020147161612661495,0.020140324267150483,0.020147161612661495,0.0004216897984316022,Reliable,-628086.2619275233,-641754.5747429017,-678060.1317470585,108709.26614023568,119963.5839520434,163583.15433162334
2026-10-05 20:30:00,0.020147310142645248,0.020149585437422714,0.0201265950828694,0.020134360752333925,0.00045242706226942295,Reliable,-564733.355238282,-578419.8336651752,-614729.9608734684,75994.37592742365,87196.47493101071,130643.43644918643
2026-10-05 20:45:00,0.020134543425509067,0.02017313799558427,0.020134543425509067,0.02017313799558427,0.000488276586116321,Reliable,-393410.6945151665,-406932.0138156215,-443010.4832258632,107309.20739411833,118583.38266732087,162229.94715349365
2026-10-05 21:00:00,0.02017324620984793,0.020197360561819644,0.02017324620984793,0.020197360561819644,0.0005072072980116363,Reliable,-537619.4681629085,-551037.455883724,-586971.0711679524,196656.45288436735,207955.3116577609,251661.74726377777
2026-10-05 21:15:00,0.020197660503688684,0.020197828170291286,0.020180339838801742,0.020192524863877667,0.0004299095942109643,Reliable,-588278.4373446635,-601717.0595029792,-637679.6019088477,202116.04964243245,213409.9818818303,257104.46792214585
2026-10-05 21:30:00,0.020192428853111847,0.020196621393033933,0.0201914051704856,0.020193152422691076,0.00042401628689670023,Reliable,-557077.2585418873,-570513.2030012368,-606471.9916070951,193300.27358687713,204594.84520675975,248290.88209785937
2026-10-05 21:45:00,0.020193218782515926,0.020194317800097228,0.02018579345171949,0.02018579345171949,0.00039793528153562183,Reliable,-593561.7625118116,-607029.1881150109,-643031.9903122956,187112.13783864764,198399.21123761404,242077.06080197217
2026-10-05 22:00:00,0.02018571544444741,0.020200118034122246,0.020183244216955817,0.020200118034122246,0.00045280364355835265,Reliable,-549201.565722908,-562607.8647120306,-598524.9827986665,207477.93926207098,218780.08235042728,262493.33134717634
2026-10-05 22:15:00,0.020200371214951555,0.020222760905652597,0.02019986293975965,0.020222760905652597,0.000573661923523483,Reliable,-524288.2672851407,-537596.6130840005,-573378.2098884445,255982.06905761885,267339.84840507095,311109.027703921
2026-10-05 22:30:00,0.020222990430983905,0.02033591139781989,0.020222990430983905,0.02033591139781989,0.002358366097663067,Reliable,-44146.3589195155,-56900.31649591091,-92074.3806366334,57308.85258251766,68933.14677383742,112992.39578676248
2026-10-05 22:45:00,0.02033592785571628,0.0203419996773631,0.02033592785571628,0.02033992969735234,0.00025677201027205496,Reliable,-497254.87526201893,-509976.8788992993,-545149.0808888428,772057.9918115111,783691.5461426296,827770.8486884917
2026-10-05 23:00:00,0.02033857824222343,0.02033857824222343,0.02032870603538258,0.020328823600618048,0.00023448676283783777,Reliable,-526045.2212819054,-538861.684191954,-574053.7140126302,731156.3023739473,742770.8046063611,786814.5530181915
2026-10-05 23:15:00,0.020328758255315445,0.02034661655170517,0.020310883343763023,0.020344814746145603,0.0007191017304977176,Reliable,-526421.1814093519,-539117.8520987671,-574281.3293839478,859798.2725423625,871425.9433155215,915498.6497981515
2026-10-05 23:30:00,0.020344788521018512,0.02034493078567521,0.020324175154364972,0.020324175154364972,0.00024009600251271302,Reliable,-538464.865733941,-551337.7886333731,-586538.1142079147,714955.0657551609,726547.3374093733,770554.5237545812
2026-10-05 23:45:00,0.02032394533403739,0.02032735462752797,0.020320019856906384,0.02032735462752797,0.00025343675754136986,Reliable,-542287.1608936534,-555129.2524263564,-590323.8257722016,744099.9455326226,755745.3614447104,799762.54808394
2026-10-06 00:00:00,0.020327451312046933,0.020327784122900556,0.020321989629443735,0.020322862994158863,0.0002374813653417851,Reliable,-557016.0332523482,-569887.2163125011,-605089.8050277209,731329.0981663343,742965.1312420829,786968.0559638677
2026-10-06 00:15:00,0.02032157628004086,0.020321630033656578,0.02030671525627023,0.02030671525627023,0.0002533252645935402,Reliable,-554544.1290247072,-567462.652274944,-602751.2591260766,622138.8372753,633730.7288683173,677692.7689303964
2026-10-06 00:30:00,0.020306912431542323,0.020319182220563354,0.020301534359913175,0.02030233643617679,0.0002875182904339857,Reliable,-593788.745369065,-606735.5031058636,-642085.7762621,638775.9667402321,650377.1977966301,694360.6834480229
2026-10-06 00:45:00,0.020302336306987672,0.020311180329030204,0.020297712056986755,0.020301751853192204,0.0002621524709151668,Reliable,-593541.5819413281,-606489.4620397651,-641843.5761738041,634919.62885357,646519.2288814719,690501.3487790957
2026-10-06 01:00:00,0.02030166488021276,0.020321151626091757,0.02030166488021276,0.020321151626091757,0.00028504585299704566,Reliable,-524765.2331951396,-537667.7034136747,-572906.2710587835,677187.8560535528,688842.0535806124,732872.5378099281
2026-10-06 01:15:00,0.020321151743471138,0.020321151743471138,0.02029572849995837,0.0203041846099233,0.00029844734837318764,Reliable,-562011.8997358339,-574960.0613982625,-610298.6288368662,615337.5735708982,626949.022885617,670937.183329987
2026-10-06 01:30:00,0.020304254942580882,0.02030587490260046,0.020210813022018423,0.020210813022018423,0.0004507933883136861,Reliable,-426964.23443588434,-440082.2018816813,-476017.29194039834,184343.79085261497,195687.87111127758,239437.3860268979
2026-10-06 01:45:00,0.020210594963738497,0.020210594963738497,0.020198732342749316,0.02020421596051097,0.0003536550370599745,Reliable,-622310.9174183268,-635441.0553075687,-671418.5338332147,246104.39326976953,257429.70458030046,301162.7439064564
2026-10-06 02:00:00,0.020204045783073485,0.020233062574065125,0.020199231139702085,0.020233062574065125,0.00037969672271565,Reliable,-565847.7878294976,-578951.5977739614,-614841.461551772,308061.6146534331,319497.6888627031,363421.57705112663
2026-10-06 02:15:00,0.020233166219573464,0.020270795082889127,0.020233166219573464,0.020270795082889127,0.0004083025337770385,Reliable,-502241.31428801,-515275.6514343108,-550922.4187891018,398898.26464651054,410441.4804883117,454459.1209604106
2026-10-06 02:30:00,0.020270879727330465,0.0202738210562924,0.020261472515294913,0.020272411038055327,0.00031522501379575016,Reliable,-540455.9289696221,-553488.9454299327,-589131.372211531,435879.71773824794,447429.30411467503,491458.34107907413
2026-10-06 02:45:00,0.020272259547369144,0.020273397813941958,0.02025407440733178,0.02025407440733178,0.0002990422483494237,Reliable,-594136.7301047369,-607203.5695827706,-642964.1716997955,400141.26327285817,411630.58865300944,455614.0747927611
2026-10-06 03:00:00,0.020254116813634603,0.020268315719655632,0.020254116813634603,0.020268315719655632,0.00030704800682237457,Reliable,-568894.454000718,-581908.5353766341,-617480.0581373626,440798.20965795434,452297.24372171337,496197.88617889816
2026-10-06 03:15:00,0.020268407328170958,0.020280767234352733,0.020268407328170958,0.020280767234352733,0.0002928949715883533,Reliable,-517632.7825434154,-530631.7168063238,-566122.9340780621,452481.45214861823,464019.153694694,507950.6825738939
2026-10-06 03:30:00,0.020284040604770657,0.02030607240187561,0.020284040604770657,0.02030607240187561,0.0003552316922776466,Reliable,-461086.9831440411,-474037.37368976715,-509364.39860585233,513570.76369421545,525177.7767391792,569170.963914146
2026-10-06 03:45:00,0.020306266202030236,0.02031265357618366,0.020306266202030236,0.020311561845737125,0.0002722264021696843,Reliable,-514698.16373150126,-527638.120045768,-562929.7847250998,604848.6395739273,616470.7633769803,660477.6550775741
2026-10-06 04:00:00,0.020311522646699817,0.02031271655640745,0.020311283272502482,0.020312202899051255,0.0003012217209048096,Reliable,-494555.830379216,-507494.5621611466,-542782.0875476457,584649.7938606191,596273.6793492172,640282.1597273345
2026-10-06 04:15:00,0.020312202859139417,0.02031604231717782,0.020312202683567225,0.02031347924070003,0.0003323495019338374,Reliable,-502013.662409395,-514949.9560621265,-550229.2398407229,600909.9127645853,612537.3056986986,656548.949070275
2026-10-06 04:30:00,0.020311622662462833,0.020312215492629092,0.02031015777032117,0.020312215492629092,0.0002463914126654032,Reliable,-529579.5297172227,-542518.253105748,-577805.7546322244,626399.0347345087,638022.9717017693,682031.5531002642
2026-10-06 04:45:00,0.020312142976448358,0.020312503104830085,0.020311573973467893,0.020312503104830085,0.0004351857692323826,Reliable,-526038.6165602667,-538958.1062305475,-574243.7506125828,624001.6936239635,635626.4209722643,679635.7151320566
2026-10-06 05:00:00,0.020312503132970106,0.020312503132970106,0.020231505535427276,0.02023375765585108,0.0021364720776912097,Reliable,-48579.14369489081,-61633.51489732168,-97430.5411279406,31360.727853029242,42769.885896740416,86588.14260231535
2026-10-06 05:15:00,0.020233716455212384,0.020233716455212384,0.020080782761021036,0.020080980265380174,0.002431851217136005,Reliable,-72669.07086901595,-85896.38588395226,-122676.9784187654,1.6904032523763264e+06,1.7015972321293012e+06,1.7445862994236404e+06
2026-10-06 05:30:00,0.020080546599993566,0.020090603207569138,0.020074316651974268,0.02008704171270681,0.00024330107294741056,Reliable,-41281.503546235675,-54500.202963080985,-91242.0299448515,1.6176541569045605e+06,1.6288543904157628e+06,1.6719023653720354e+06
2026-10-06 05:45:00,0.02008707004114941,0.020087813364116375,0.020085602362356698,0.020087813364116375,0.00022153211664366346,Reliable,-30715.608288802705,-43933.210762067065,-80670.10216257264,1.0121886444723991e+06,1.023389674049404e+06,1.0664451475966799e+06
2026-10-06 06:00:00,0.020087659454573786,0.020087659454573786,0.0200869301439756,0.0200869301439756,0.00018482579632781438,Reliable,-33942.93481748339,-47160.809728854045,-83899.7439036863,1.07881108571475e+06,1.0900101452358258e+06,1.1330527620002935e+06
2026-10-06 06:15:00,0.020086930143621014,0.020087800464687045,0.020086930143621014,0.020087509531271596,0.00019246563119923454,Reliable,-41303.38075167654,-54480.683107158286,-91197.51237608795,1.7709119714121313e+06,1.7821116286396426e+06,1.8251598745124505e+06
2026-10-06 06:30:00,0.020087509529968284,0.020087678792434706,0.020087502384666136,0.02008767878631777,0.00019357672443685015,Reliable,-33438.45734241897,-46640.66682208699,-83356.42690239014,1.201759681921132e+06,1.2129595137535892e+06,1.256009404029237e+06
2026-10-06 06:45:00,0.02008760119596407,0.020087952124051255,0.020085247518038894,0.020087724753581875,0.00019136704349604906,Reliable,-40244.50808492383,-53435.997992586905,-90017.74645965161,1.7592334915753428e+06,1.7705200840961032e+06,1.813570662327599e+06
2026-10-06 07:00:00,0.020087925334379177,0.02008843690136336,0.020087347074624985,0.020087997839539806,0.00017432289725540783,Reliable,-39872.84603214415,-53043.5720316745,-89623.65192032263,1.8321334375594892e+06,1.8434203936954874e+06,1.886473625115823e+06
2026-10-06 07:15:00,0.02008828383339383,0.020088790960145552,0.020087585207921158,0.020088790959949934,0.00017424116480468932,Reliable,-36167.677612238294,-49195.55688132364,-85704.4660722331,1.8449165860264013e+06,1.856119359257094e+06,1.899180296201049e+06
2026-10-06 07:30:00,0.020088790959790832,0.020089482938098015,0.020088790959775563,0.020089386434157357,0.00017962791981056546,Reliable,-33401.77576622485,-46426.95595802878,-82926.29110975836,1.8463481914989275e+06,1.8575497896097177e+06,1.900609266903353e+06
2026-10-06 07:45:00,0.020089386440603655,0.02015857006581937,0.020089386440603655,0.02015857006581937,0.0006974968872097698,Reliable,-461985.57424815925,-474890.437642335,-510985.4595004741,102149.48190949426,113422.81100559632,157044.83284025054
2026-10-06 08:00:00,0.020158570065820388,0.02022795928609844,0.020158570065820388,0.02022795928609844,0.0007185354642437857,Reliable,-454106.12719284353,-466913.99800671707,-502690.38874774595,235980.885417998,247437.5091906458,291338.9704092251
2026-10-06 08:15:00,0.020228080745469758,0.02026376353568763,0.020228080745469758,0.02026376353568763,0.0004717332692748766,Reliable,-364586.6247055049,-378562.58263522247,-418641.7966308946,272091.8664436215,285020.6685222433,334494.2972745642
2026-10-06 08:30:00,0.02026395228919398,0.020270898534675334,0.02026395228919398,0.020270898534675334,0.00031476928078140177,Reliable,-502464.41903501056,-516404.1031578674,-556354.1597287004,400330.0839463503,413262.3277060285,462647.6606103339
2026-10-06 08:45:00,0.020271066535045595,0.02027304092699982,0.020271066535045595,0.02027211005717546,0.00035853989312641945,Reliable,-487396.2083969893,-501333.8082333308,-541276.8827068978,392948.94625114225,405886.1633613145,455274.6672168617
2026-10-06 09:00:00,0.020272110026689154,0.020272110026689154,0.020271883544315392,0.020271883544315392,0.00037384999885561323,Reliable,-514280.0802945492,-528218.0698271015,-568162.4497329668,413584.6352639085,426520.9225406193,475908.83354501444
2026-10-06 09:15:00,0.020271999567032184,0.020280627373496386,0.020271999567032184,0.02027213530529709,0.0003738315076722731,Reliable,-487207.3336603502,-501144.8900592463,-541087.8190229699,392892.9588058668,405830.3052258307,455218.87516297476
2026-10-06 09:30:00,0.02027241564885169,0.020298669080599283,0.02027241564885169,0.020298669080599283,0.00035046294535328036,Reliable,-498755.4040259544,-512659.2920768003,-552479.0076528775,518218.6899907803,531277.8578462496,580764.6024260173
2026-10-06 09:45:00,0.02029876219160811,0.020309420600126176,0.02029876219160811,0.020306999503253906,0.00028137307509437106,Reliable,-344692.92614079284,-358582.4696273279,-398353.93604063493,387143.3385432481,400236.6823396056,449745.4160326616
2026-10-06 10:00:00,0.02030688184646014,0.02030688184646014,0.02026118628830052,0.02029700164913321,0.00045854385317594114,Reliable,-528265.2021093898,-542171.9608984002,-582001.3325168428,540254.9934868378,553307.3197859911,602789.6624457826
2026-10-06 10:15:00,0.020297556931296156,0.020410892046337056,0.020297556931296156,0.020410892046337056,0.0004752569221560643,Reliable,-368607.3926412218,-381942.37987837906,-421503.585265635,1.3077310316366863e+06,1.3211823918779665e+06,1.3710326750602042e+06
2026-10-06 10:30:00,0.02041062289598146,0.020417147686294823,0.020408020141046784,0.020417147686294823,0.0001609832094454644,Reliable,-399313.889842494,-412624.8857650099,-452179.0192582999,1.5576434868854128e+06,1.571116482605818e+06,1.6209909846841737e+06
2026-10-06 10:45:00,0.020417440691065537,0.020434578354162312,0.020416297010511703,0.020434578354162312,0.00016493810702211675,Reliable,-340773.5717846111,-354015.78694064583,-393543.19738649594,1.7677999293302824e+06,1.7813311376780197e+06,1.831264600513274e+06
2026-10-06 11:00:00,0.02043467442184518,0.020442757493142782,0.020434442763464785,0.020442757493142782,0.00015955842700781094,Reliable,-239374.22459359773,-252618.41763931056,-292258.9742097684,1.4316690336518001e+06,1.4452644546799192e+06,1.4953782935631247e+06
2026-10-06 11:15:00,0.020442862917618616,0.020446800461786572,0.020442862917618616,0.02044510967627184,0.00022910442560144517,Reliable,-296319.358613242,-309554.26722404116,-349191.2212743197,1.8821737722308151e+06,1.8957770474178903e+06,1.9458988480344461e+06
2026-10-06 11:30:00,0.020445154143405163,0.020445681834989755,0.020444242218658284,0.020445088792405162,0.00014064924623495844,Reliable,-303404.8979711601,-316605.6228173463,-356116.90719296614,1.9312398566248196e+06,1.9534627898475889e+06,2.005446486146221e+06
2026-10-06 11:45:00,0.020444646053526156,0.02044464609286833,0.020444057985712246,0.020444057985712246,0.00014377686702737869,Reliable,-305332.9083795965,-318537.70291906013,-358050.56926646794,1.9020678425245218e+06,1.9242364499468252e+06,1.9761999673087762e+06
2026-10-06 12:00:00,0.020444057983051822,0.020444083996028043,0.020382133866374923,0.020382965901956512,0.00015083868484762065,Reliable,-459337.41712847573,-474227.2999020846,-513917.216484749,1.0697317692157696e+06,1.0830770500401536e+06,1.132937252002438e+06
2026-10-06 12:15:00,0.020382971149893014,0.020398304294746535,0.0203718946973986,0.020382372044259738,0.0002923820098407415,Reliable,-278665.95848236146,-292168.7051138884,-331831.763431225,677225.2259338864,690557.1909229377,740384.8747229717
2026-10-06 12:30:00,0.020382342262910778,0.020382342262910778,0.02036995351737222,0.020381808760080545,0.00023622918367451894,Reliable,-458318.941108229,-471801.78439166106,-511380.2653307137,1.1214548245705632e+06,1.1347599407633736e+06,1.1844819372835068e+06
2026-10-06 12:45:00,0.02038180987164249,0.020384816739381202,0.020322054217599802,0.020322793816898912,0.0002853532149655891,Reliable,-501934.18602016417,-522499.419281258,-562166.657582966,621492.3663717356,634612.266396585,684135.5549011363
2026-10-06 13:00:00,0.02032244624365922,0.02032244624365922,0.020202172734937088,0.020219545047178045,0.00110906188723765,Reliable,-436672.26809378614,-450710.03539562895,-490976.6254855025,208454.60174657183,221181.2025517683,270455.44036334864
2026-10-06 13:15:00,0.020219426945969773,0.02023368036907458,0.020203021356937953,0.02023368036907458,0.00045601118739797554,Reliable,-345436.40895799303,-359449.93830793427,-399634.90831413964,192386.4473792587,205168.2696117259,254479.76048203418
2026-10-06 13:30:00,0.020233917109026105,0.020260115492672398,0.020230838837377405,0.02025582433203847,0.00039437352757576427,Reliable,-558073.2311080628,-572082.2664586246,-612262.1253984434,383615.7994841986,396520.16165356175,446039.2285218726
2026-10-06 13:45:00,0.020255929675831705,0.020279728710032845,0.02025386768877686,0.02027847662210094,0.000394345585589706,Reliable,-496341.5991099963,-510311.7565400006,-550360.7080056522,425230.1764547581,438222.9516866959,487801.74289594154
2026-10-06 14:00:00,0.020278365461812154,0.020284773868794882,0.020270790328056197,0.020271496499100514,0.0004981110510520637,Reliable,-321821.7596860173,-335763.5937891045,-375713.5307041235,258732.23595479626,271654.35899242735,321044.99087281286
2026-10-06 14:15:00,0.02027168483124435,0.020291889828193303,0.02027168483124435,0.02028298468755712,0.00042897589520252133,Reliable,-435512.7518354998,-449434.8505647667,-489318.50504531275,389829.52434369497,403032.65216032235,452414.9349642692
2026-10-06 14:30:00,0.020282984687557157,0.0202892618238905,0.02027882352362319,0.0202892618238905,0.0003205782090898168,Reliable,-153954.03003564078,-167838.01198123902,-207623.65090423007,146501.29848958075,159732.04973436735,209155.28561930198
2026-10-06 14:45:00,0.02028897699424103,0.020290211897590518,0.0202841068045123,0.020290211897590518,0.0005665560070636122,Reliable,-520749.65231433243,-534632.0008000017,-574412.215953892,499189.6180643195,512424.50413882075,561850.2253842495
2026-10-06 15:00:00,0.020290328600663935,0.020308629138174047,0.020290328600663935,0.020308629138174047,0.00031035928002398627,Reliable,-452309.5198501861,-466160.19305006874,-505835.23439472093,516879.11352459,530194.134423958,579668.0230527302
2026-10-06 15:15:00,0.02030880974462357,0.0203159994315292,0.020197342549461133,0.020197342549461133,0.0006964876778495777,Reliable,-361584.51179110154,-375533.15972516075,-415743.48877583916,136476.22360035544,149313.2852945002,198495.78770149226
2026-10-06 15:30:00,0.02019719506653831,0.020207479986242713,0.020173316833298573,0.02018433092270045,0.0005085902021200184,Reliable,-460405.8603145906,-474388.4661583478,-514718.1191617372,146078.2174022454,158908.0467139676,208115.8346358294
2026-10-06 15:45:00,0.020184194386665792,0.020197952387569225,0.020155658080783276,0.020155658080783276,0.000812863173835332,Reliable,-504952.9330626488,-518984.689676472,-559472.7216902758,105552.79722548637,118337.55764638569,167469.96455756915
2026-10-06 16:00:00,0.020155424757321252,0.020155424757321252,0.02011054688484453,0.02011635225022609,0.0007558565379789384,Reliable,-421877.04264072794,-435969.96876016684,-476652.3819194505,39676.32097091584,52392.64629626199,101198.06947483106
2026-10-06 16:15:00,0.020116115722385815,0.020121932767522038,0.020105799390243526,0.02011968153568674,0.000547361862178275,Reliable,-514681.13589840045,-528768.3648266305,-569432.4186372107,50266.31523583719,62987.87984794453,111826.16445353323
2026-10-06 16:30:00,0.020119322475778023,0.02011957664310883,0.01964931210983349,0.01964931210983349,0.013755005787004592,Moderate,-241366.12035423185,-256973.86794643418,-300334.12256122427,1.7168784324408607e+06,1.7290208447600817e+06,1.7732529230952067e+06
2026-10-06 16:45:00,0.019649311927651947,0.019649311927651947,0.01961769466101441,0.01961769466101441,0.00038928089889112005,Reliable,-447051.8982363131,-462131.34837347484,-502842.9441800011,1.771382526646435e+06,1.7838001933450433e+06,1.827772908195892e+06
2026-10-06 17:00:00,0.01961762740945183,0.01961762740945183,0.019378414072017718,0.019378414072017718,0.0028279537180247115,Reliable,-482895.96423801954,-498751.88078843465,-541004.6199861501,123430.7804284554,135571.04313932284,177211.01368820947
2026-10-06 17:15:00,0.019377789391691592,0.019448303388317545,0.019368533077219478,0.019448235959643005,0.0012552540723187455,Reliable,-513704.0018441463,-529026.7822977493,-570560.7848075964,306599.9328247496,318939.6328196615,361229.1913348553
2026-10-06 17:30:00,0.019448236131226225,0.01945908277830565,0.019448236131226225,0.019458257770944065,0.0003788950090315879,Reliable,-453708.76211766584,-468911.9281196138,-510296.77855174616,300939.51019743196,313313.7194289193,355670.55443638744
2026-10-06 17:45:00,0.019458257770944502,0.01946148570308986,0.019427670536785565,0.019432450417860916,0.0004412791194858823,Reliable,-597228.3835530216,-615003.130312448,-656598.7197153188,298381.7557687908,310657.44710339326,352774.7451275935
2026-10-06 18:00:00,0.0194317697409486,0.019447211847058866,0.01940772764927143,0.019425144200103564,0.000529069034999341,Reliable,-590424.8709515503,-608305.5884490277,-649951.8774110418,272555.01812528406,284834.857309528,326884.31207953655
2026-10-06 18:15:00,0.019425378380942944,0.019435321192431847,0.01941146703043968,0.019419036121002806,0.0005477348584348007,Reliable,-565614.4778737894,-583190.9249131843,-624735.8744367036,243708.3055698829,255952.16886161224,297944.8961260438
2026-10-06 18:30:00,0.019419254076367663,0.01942993762998099,0.01940974967135388,0.01940974967135388,0.0004134692909585791,Reliable,-571786.5918319501,-589538.1957036619,-631096.8845470875,220604.49562404354,232779.66082391684,274647.17504688416
2026-10-06 18:45:00,0.019409355602394818,0.019413416530707998,0.019395779811267756,0.019413416530707998,0.0004243531395394129,Reliable,-548190.0108612191,-565867.3558123214,-607401.801649557,221327.79849818657,233524.56560612575,275426.0431963288
2026-10-06 19:00:00,0.019414115033289964,0.01945508807569234,0.01940656000902804,0.01945508807569234,0.0006453313404109374,Reliable,-316325.3077334006,-333192.0452566359,-374571.4830158357,201866.28941561465,214231.7276113847,256665.49442647336
2026-10-06 19:15:00,0.019455179512633307,0.01945582345779324,0.019435556393717402,0.019435556393717402,0.00039072960561545853,Reliable,-594861.485739992,-612124.1083335201,-653632.8874171696,307387.1178298787,319684.2524527661,361937.0740827237
2026-10-06 19:30:00,0.019435822274035598,0.019464367081882122,0.019435822274035598,0.019464367081882122,0.0004555064045446588,Reliable,-306262.02117800625,-322940.9605062249,-364260.0033974562,214336.47461918317,226734.66777952132,269255.67983422684
2026-10-06 19:45:00,0.019463925871939073,0.019469114797019817,0.01946392585828326,0.01946624252336413,0.00038740916778003955,Reliable,-475650.4830722938,-492260.612925722,-533454.3322782886,339252.9021132531,351624.50271478784,394025.7126954172
2026-10-06 20:00:00,0.019466485226334027,0.019469379960920602,0.019412928966054295,0.019423005611896617,0.000501241156184884,Reliable,-579292.2188882107,-596827.9013483856,-638486.5317136734,260232.06679752114,272506.03419202525,314723.6768511782
2026-10-06 20:15:00,0.019423831735191837,0.01943936110449769,0.019423831735191837,0.019436014360048097,0.0003758106873336331,Reliable,-541681.2224775931,-558953.3088532526,-600525.8622907338,281667.4016722511,293986.9232862289,336325.1576369474
2026-10-06 20:30:00,0.019436334550702556,0.019443851887780247,0.019420455079294435,0.019420455079294435,0.0004188754503636094,Reliable,-586016.5294195877,-603603.8176874797,-645114.9132984268,255547.08281549954,267796.971824356,309881.07914302335
2026-10-06 20:45:00,0.019420064376599357,0.01943323510033761,0.019418578868084506,0.019425824712950505,0.00038758159443967876,Reliable,-581311.0217961423,-598789.0798553237,-640264.4688507589,269630.1618553158,281898.8553130917,324032.8306902986
2026-10-06 21:00:00,0.019423692102641023,0.019423692102641023,0.019406443959758206,0.019410817302013442,0.00042785799952338444,Reliable,-585230.3499044271,-603018.3944210762,-644610.9582735692,227649.9376498952,239871.17635659265,281886.89587388386
2026-10-06 21:15:00,0.019410481859178704,0.019425173085171363,0.01940971651336934,0.019425173085171363,0.00041331169406855217,Reliable,-285938.1073014217,-303434.1656378413,-344931.2905455328,134230.3786106242,146501.899796799,188650.96767301686
2026-10-06 21:30:00,0.01942522821311292,0.01942762572555702,0.01942000651633617,0.01942000651633617,0.00038425235519241597,Reliable,-548124.3765023143,-565694.4956535766,-607111.8752791515,238128.76792901196,250348.69393592214,292311.14699722175
2026-10-06 21:45:00,0.019419533004227548,0.019419533004227548,0.019414790705283982,0.019414790705283982,0.00038665871483574145,Reliable,-379209.9675068159,-396886.1768383674,-438338.2464127376,156869.49942533518,169071.16078267695,210985.18296151544
2026-10-06 22:00:00,0.019414572028019716,0.019415810919381268,0.01941330038589088,0.019414012589721103,0.0003867000502132623,Reliable,-379867.7632970686,-397572.1397880382,-439075.8998505488,155734.09618853236,167946.32541060046,209912.54327319414
2026-10-06 22:15:00,0.01941421891690769,0.019421464664193276,0.019413071190183057,0.01941504683740801,0.0004254008008502952,Reliable,-520065.65629615943,-537748.9980257592,-579245.8877213743,213515.5367473513,225731.38830423338,267707.2054258494
2026-10-06 22:30:00,0.019414860982810575,0.01942363499048603,0.019413471825720098,0.01942363499048603,0.00038891082815353253,Reliable,-332106.8866928847,-349583.1541411652,-391012.0144288173,152486.30877807253,164732.23563754396,206787.75290687114
2026-10-06 22:45:00,0.01942340108937903,0.019429578800780188,0.019421063488818464,0.019429578800780188,0.0004195777213716667,Reliable,-533801.4930185161,-551159.8740781544,-592563.5195714892,258643.28039456648,270914.019052117,313041.24139078276
2026-10-06 23:00:00,0.01942942000009624,0.019436513308913213,0.019417191322817443,0.019417191322817443,0.0004162503452446843,Reliable,-538900.4602595319,-556512.2460711565,-597996.8260859104,226678.2794242642,238905.64096514246,280917.91118714894
2026-10-06 23:15:00,0.01941656466858313,0.01942607735459602,0.019407207831036097,0.01942607735459602,0.0003844801411357235,Reliable,-498686.41687956394,-516116.4339125691,-557542.959839352,232670.1054713543,244928.58454950835,287023.3182234339
2026-10-06 23:30:00,0.01942628110222903,0.019428639650056864,0.019423264678634193,0.01942469642342331,0.00037528356791844965,Reliable,-582981.4169136062,-600441.3604597992,-641882.809244155,266941.7030726598,279197.0790755169,321286.1670283062
2026-10-06 23:45:00,0.019424696374256544,0.019432325540237265,0.019420785540207115,0.019432325540237265,0.00040886828611890185,Reliable,-320123.80962165765,-337427.6638735321,-378819.25968235603,161605.51921900848,173887.606844994,216047.48280326396
2026-10-07 00:00:00,0.019432464123125555,0.019438242652336086,0.019432464123125555,0.01943257835560935,0.0003723532774222438,Reliable,-527873.9624091235,-545184.834396593,-586619.4985279347,264452.07873664546,276748.1820289512,318964.7387814912
2026-10-07 00:15:00,0.01943276400336826,0.01943464241868662,0.019425916290174854,0.019430068822448503,0.00037573058807645056,Reliable,-580379.8878347041,-597742.1071610544,-639193.1686915947,282359.642972055,294646.95949096634,336840.2293073221
2026-10-07 00:30:00,0.019430169087507814,0.019431824503376875,0.019426858599985355,0.019429060290278983,0.0004052438663095347,Reliable,-372416.32917816046,-389771.66540939733,-431128.14145808085,180803.7365460934,193057.81533276348,235118.7992851933
2026-10-07 00:45:00,0.019429330814344063,0.01943351693633506,0.019426580198415852,0.01943237199607874,0.00041387549252611675,Reliable,-366749.18704737583,-384036.76031807484,-425371.5893628602,184604.55799663215,196870.229899707,238961.9344651432
2026-10-07 01:00:00,0.019432540544644224,0.019435027853039834,0.019430816199599903,0.019435027853039834,0.0003689674728335479,Reliable,-536419.1760068145,-553657.2913585228,-594990.7807109191,275961.2610177151,288242.8227779349,330377.8283902745
2026-10-07 01:15:00,0.019435415646186484,0.01944090540632741,0.01943510570839573,0.01944090540632741,0.0003670747865552215,Reliable,-329965.17014687025,-346907.23249304155,-387881.62326005124,182183.07511226495,194490.5971097889,236680.1911801455
2026-10-07 01:30:00,0.01944149123095947,0.01944655150982119,0.019441406954700396,0.0194437815664827,0.00037232322844242826,Reliable,-563015.3653109553,-579569.3056267339,-620471.1444543628,318264.3918015511,330582.0166237017,372798.3203581626
2026-10-07 01:45:00,0.0194442040296438,0.019447042037511655,0.019443894661417896,0.019446746668882096,0.00035229409625370245,Reliable,-196399.82020140713,-212316.6547678378,-253188.56780975993,116788.41562769611,129112.45239353555,171339.7269980677
2026-10-07 02:00:00,0.019446743201832404,0.019446743201832404,0.019172417386292245,0.019172417386292245,0.0018230698753680219,Reliable,-380653.15013910475,-407268.13793594396,-449394.64102662914,603372.9658898764,615192.5980659301,654847.0847627473
2026-10-07 02:15:00,0.019171210346116897,0.019171210346116897,0.019080771141724896,0.019080771141724896,0.0004281146177775419,Reliable,-563582.0400142585,-597116.4072507826,-640388.4767789921,379001.4572085874,390649.27056925104,429476.9424253366
2026-10-07 02:30:00,0.019079923636635146,0.019089682414525896,0.019078232177165377,0.019088675040630648,0.0002687370577985515,Reliable,-572608.3586118292,-603995.9837665112,-647347.8557505336,419126.16043516656,430846.19566391234,469904.3728452501
2026-10-07 02:45:00,0.019088485811661872,0.019092924128904416,0.019088485541472782,0.019092522217012603,0.0004424531068956128,Reliable,-543119.3411215346,-573371.7939031551,-615910.1542659061,412615.129440166,424522.8921424743,463615.4487257529
2026-10-07 03:00:00,0.019092612497548418,0.01910184767336336,0.019092612497548418,0.01910184767336336,0.0003058132488391596,Reliable,-316348.78970603785,-345504.2528926895,-387998.4357251432,249866.17120105843,261817.6185459273,300993.4955418935
2026-10-07 03:15:00,0.019101914186378924,0.0191059810526891,0.019100462168012214,0.0191059810526891,0.0003316610234012085,Reliable,-361097.61247061787,-389655.9324022756,-432039.4451455045,301460.31049889006,313402.62371291674,352502.0243487196
2026-10-07 03:30:00,0.019106041418679203,0.019108682297888768,0.019106041418679203,0.019108568533031212,0.00032859650241112703,Reliable,-560350.3672691692,-588558.1675472077,-630934.1715034947,499737.32734844834,511698.6846280399,550827.4629035986
2026-10-07 03:45:00,0.019109273683053107,0.0191365777908499,0.019109273683053107,0.0191365777908499,0.0002906823003489656,Reliable,-327799.8673267737,-352143.2465238843,-394388.01428740827,361951.0414147459,374045.29038887174,413422.47354228725
2026-10-07 04:00:00,0.0191362778435001,0.01914288906285893,0.0191362778435001,0.019142720357802075,0.0003145291807520323,Reliable,-485073.3366085806,-499093.5862883327,-541314.7114877957,656533.3338559679,668653.6071794427,708088.1374347504
2026-10-07 04:15:00,0.019142840036545258,0.019144139172429693,0.019141927138600676,0.01914330306739631,0.00019802654441165588,Reliable,-449406.0358696368,-463332.85325919354,-505552.64304441604,611494.8004916587,623641.3721619259,663082.495698931
2026-10-07 04:30:00,0.019143135191577385,0.019143135191577385,0.018986838696524302,0.018986838696524302,0.002087173441824364,Reliable,-522249.7567618443,-537149.0459781298,-578846.3174833445,117272.09120580427,128801.65684566594,166849.83073464467
2026-10-07 04:45:00,0.018986751880769055,0.01899438977347209,0.018939109334357267,0.018939109334357267,0.0004444749801192138,Reliable,-505301.66005783057,-520511.1502520341,-562466.8305262417,35604.4986475464,47105.106069202106,84635.35536927241
2026-10-07 05:00:00,0.018938396249322434,0.018938396249322434,0.018834996745580094,0.018857698738149166,0.0006198886327328345,Reliable,-303790.4763435564,-319515.0321628886,-361861.1752471624,1.389250182396617e+06,1.4006872145225266e+06,1.4371455775020255e+06
2026-10-07 05:15:00,0.018857622847494426,0.018883126716018862,0.018857545297609246,0.018882039504321747,0.0002410904734759356,Reliable,-224342.13599893334,-239916.12679364256,-282157.84526323533,1.7481571531688927e+06,1.7596167675526314e+06,1.7964105835622645e+06
2026-10-07 05:30:00,0.018882154903222172,0.01890558714853325,0.01887940533039871,0.01890558714853325,0.0001647337268017246,Reliable,-52047.10381661219,-67472.53014253007,-109607.6427097895,791727.4820117288,803207.9454730675,840322.0085443526
2026-10-07 05:45:00,0.018905668083167165,0.01891537726237766,0.018904700664060352,0.01891537726237766,0.00017370486161552014,Reliable,-56116.57180094389,-71810.83098878915,-113858.6995991358,2.0260818800944882e+06,2.0393883471248315e+06,2.0775927402747045e+06
2026-10-07 06:00:00,0.018915301364224448,0.018916746074954735,0.018912877113225722,0.01891651657095842,0.00011831552185577187,Reliable,-45565.5795568137,-60773.185198388484,-102530.82085279023,1.857874140337865e+06,1.8693680018737272e+06,1.9066473606774022e+06
2026-10-07 06:15:00,0.018916449983977412,0.018920864624731956,0.018914391749370048,0.018918234714492076,0.00016824613327084403,Reliable,-38305.45572178034,-53229.66231905256,-94215.17765896527,1.9985670921518975e+06,2.0100609886598065e+06,2.0473685544543574e+06
2026-10-07 06:30:00,0.018918547971028106,0.019005347833716456,0.018918547971028106,0.019005347833716456,0.0007331287569384282,Reliable,-399534.62810291554,-413896.4421316147,-454563.348495611,122301.92360614736,133867.2798709921,172184.85023604892
2026-10-07 06:45:00,0.019005602712939107,0.019144391625066936,0.019005602712939107,0.019144391625066936,0.0014993168884730236,Reliable,-380619.41358363704,-394052.6839903287,-434254.2427956584,522877.889746202,535034.68203052,574597.3810344081
2026-10-07 07:00:00,0.019144498320385672,0.019245943583116126,0.019144498320385672,0.019245943583116126,0.0005324338870078993,Reliable,-129173.66764579558,-141778.55613879886,-181996.9558538189,638451.5710341984,651038.5509471357,691555.3602916439
2026-10-07 07:15:00,0.019246025771852825,0.01924609318481195,0.019238935893447443,0.019241829995680537,0.00017036866947013342,Reliable,-309451.75557189,-322056.4939660286,-362265.6552029973,1.5099741020051916e+06,1.5225281715940982e+06,1.5630031620208237e+06
2026-10-07 07:30:00,0.019240871802369917,0.01925578884038024,0.01920493911379858,0.019255768071955868,0.0005348353313739506,Reliable,-245721.86741762806,-258278.31472938706,-298490.17397814285,1.5826661693802087e+06,1.5952791878769111e+06,1.6358845183340725e+06
2026-10-07 07:45:00,0.01925594620996281,0.019261861658030892,0.019255470111786705,0.019261024859675017,0.00013714831889408697,Reliable,-257787.55309225954,-270325.7818805748,-310538.656209472,1.8922079559316116e+06,1.9048432016467308e+06,1.9454976779902747e+06
2026-10-07 08:00:00,0.019261204854572004,0.019261566508514263,0.019241691719574676,0.0192531192538611,0.0001967361012547908,Reliable,-208870.02171401508,-221438.73059587684,-261659.30135842858,1.253499622917423e+06,1.2661048088024734e+06,1.306699112377406e+06
2026-10-07 08:15:00,0.01925318887511761,0.019257532479317042,0.01925318887511761,0.01925581044035132,0.00014055718270222783,Reliable,-296757.52658874454,-309318.6258693698,-349545.9950462867,1.9333034018335077e+06,1.945921817005105e+06,1.986548932141813e+06
2026-10-07 08:30:00,0.019255832913617977,0.019256783138635276,0.019255100708017888,0.01925557031227715,9.421924396741943e-05,Reliable,-298536.32577746484,-311098.2571739604,-351325.58138213924,1.9346817871375126e+06,1.9472991868243353e+06,1.9879240567044478e+06
2026-10-07 08:45:00,0.019255687162248864,0.019256541914317877,0.019247292167203986,0.019247292167203986,0.00014707610357778123,Reliable,-345618.6714460022,-358210.9725624767,-398442.9342035509,1.8785445787410364e+06,1.8911287841601837e+06,1.9316837628940498e+06
2026-10-07 09:00:00,0.01924726020886473,0.019248110419233713,0.019243863171175293,0.019243863171175293,0.00013872593424983924,Reliable,-345000.69633552444,-357367.2831957686,-397458.27498833725,1.7530961823251345e+06,1.7656659137282877e+06,1.8061888214129126e+06
2026-10-07 09:15:00,0.019243889843436737,0.01924810598225442,0.01924370976673953,0.019247757354235576,0.00013284035201432953,Reliable,-345234.5369768437,-357587.1697794453,-397679.2349355917,1.90218026006769e+06,1.9147659909584033e+06,1.9553233601368887e+06
2026-10-07 09:30:00,0.019247698813521393,0.019247698813521393,0.019207767185223754,0.019207767185223754,0.0002610994330299876,Reliable,-205907.95184817995,-218444.73272410806,-258509.18323295173,576221.3891668926,588637.874644216,628821.0486130521
2026-10-07 09:45:00,0.019207689433640356,0.019207689433640356,0.019195032009160756,0.01919686410608987,0.00021032480651066442,Reliable,-342179.78225836036,-354853.2333876131,-395000.24219870777,849251.1923233386,861647.9573180785,901830.7073883163
2026-10-07 10:00:00,0.019196906802479843,0.019200001874698804,0.01919372525953803,0.019196558303078124,0.00022174422574725572,Reliable,-156384.63677381427,-169069.3783359755,-209235.00302831514,372136.6282234285,384540.87250076083,424748.05332242016
2026-10-07 10:15:00,0.019196664693848512,0.019389286525189058,0.019195874269013393,0.019389286525189058,0.0012134960100533387,Reliable,-280448.17971984204,-292335.08222796186,-332480.7140273752,98683.56296513129,111791.3089606999,153791.4378498484
2026-10-07 10:30:00,0.01939000738493262,0.01973354318665165,0.01939000738493262,0.01973354318665165,0.006536961378871786,Reliable,-199529.47525346556,-210820.95393876958,-250863.20463437,36963.76916849882,52593.1042264299,98011.1460255733
2026-10-07 10:45:00,0.019733851588284234,0.019775942402872268,0.019733851588284234,0.019762322398602195,0.0006307623060101816,Reliable,-475758.9825101384,-487424.9949236585,-527466.8628612625,111857.8937442199,127695.88913227992,173464.16427532502
2026-10-07 11:00:00,0.01976254017626838,0.019792337103546175,0.01976254017626838,0.019792337103546175,0.0005683597844405198,Reliable,-366352.7534460593,-377955.7673863833,-417914.0229005687,132079.8215538875,148089.05419585752,194003.42345179914
2026-10-07 11:15:00,0.019792447454821734,0.019900885932059038,0.019792447454821734,0.01990074547899439,0.0007630169134139386,Reliable,-399432.3550681857,-410859.7330656744,-450599.6534984572,434308.2039284289,451227.1668239707,498064.5803605383
2026-10-07 11:30:00,0.019900837013055027,0.019919567637531287,0.019755406960345324,0.019755406960345324,0.0007758443569344297,Reliable,-384025.7972416465,-395688.5078498896,-435645.3225118376,83679.87606169147,99337.78631145041,144741.352523852
2026-10-07 11:45:00,0.019755224851935274,0.019755608262032646,0.01973692614718947,0.019748535906581786,0.0007121952622560323,Reliable,-475026.75495927565,-486674.42976159713,-526631.2878030305,89257.24918953069,104799.41279059487,150045.56775790453
2026-10-07 12:00:00,0.019748778028317215,0.019770236120107587,0.01974657498035408,0.019770236120107587,0.000525146778150054,Reliable,-492086.8348768645,-503727.3693285657,-543733.1522112183,129476.36587454972,144006.42267813053,189561.31256962693
2026-10-07 12:15:00,0.019770279150118156,0.019770279150118156,0.0196807922627496,0.0196807922627496,0.0007898941609705279,Reliable,-78773.22921760593,-90527.9615015077,-130636.72214576902,1.6195046354264556e+06,1.6334620399517722e+06,1.6781112277194902e+06
2026-10-07 12:30:00,0.01968073193505224,0.019731595285136416,0.019680707531549716,0.019731595285136416,0.0003867754494923048,Reliable,-475524.43613867706,-487214.46144214197,-527264.7202931601,64996.05609180865,79278.99733291061,124443.64058924722
2026-10-07 12:45:00,0.019731787198384223,0.019735440949839547,0.01970221958237106,0.019704255878718206,0.00040751056994094983,Reliable,-491807.3767310928,-503532.2595130616,-543613.686065069,29103.486994543306,43213.04889072958,88101.07582717878
2026-10-07 13:00:00,0.01970415676198458,0.019704837027947526,0.01963014562419132,0.01963014562419132,0.00043278222689324686,Reliable,-257368.35143537982,-269187.64942114806,-309355.55923671153,1.241162502517468e+06,1.254796877256762e+06,1.2989326669704062e+06
2026-10-07 13:15:00,0.01963010398742558,0.01963010398742558,0.01962590969679013,0.01962590969679013,0.00018108287647256027,Reliable,-400703.5192325728,-412533.1770023497,-452724.2604400482,1.823440223485377e+06,1.837052765242293e+06,1.8811676733326204e+06
2026-10-07 13:30:00,0.01962590968187814,0.019640146078477524,0.019625284604985593,0.019629623183172445,0.00019274117813932178,Reliable,-195463.39860427572,-207288.33290462085,-247475.0897329902,918784.095776642,932420.4724205572,976573.1132314389
2026-10-07 13:45:00,0.019629660053837327,0.01963603720731307,0.019629660053837327,0.01963520682600497,0.0001815219434853077,Reliable,-338192.4193021593,-350005.2777281267,-390167.2863172676,1.8169992653866762e+06,1.8306661205264805e+06,1.8748533278045969e+06
2026-10-07 14:00:00,0.01963516581343874,0.019636099583476598,0.019634515727009465,0.01963496774857143,0.00014113572894571824,Reliable,-197849.00494679925,-209662.1675876018,-249824.45498180637,1.0310355412162344e+06,1.0447008621643026e+06,1.0888856407653934e+06
2026-10-07 14:15:00,0.019634955602648003,0.019634955602648003,0.0196316328551824,0.0196316328551824,0.00014059810887645519,Reliable,-318776.27384459844,-330597.87637472496,-370779.4473732462,1.5975049830190442e+06,1.611153422733455e+06,1.6553230270327255e+06
2026-10-07 14:30:00,0.01963169263265453,0.019632966255803325,0.019630973132020044,0.0196311789299259,0.00014180820918692217,Reliable,-238894.5971301426,-250716.77713061648,-290898.8771687361,1.171517535408477e+06,1.1851630618986867e+06,1.229328054332718e+06
2026-10-07 14:45:00,0.019631000749974873,0.019631000749974873,0.019541123809560353,0.019549088985494487,0.0002965118016253765,Reliable,-261707.36940814124,-273818.3871122355,-313765.52210645686,431971.2609949875,445004.9355532371,488332.4636355888
2026-10-07 15:00:00,0.01954877787883962,0.019549013351347864,0.019531076706848508,0.019532293228499416,0.0002484634913860528,Reliable,-590966.4058230679,-603171.6884312809,-643133.0650231226,828753.0856783025,841711.6795277089,884869.8858983215
2026-10-07 15:15:00,0.019532376155808735,0.01953416118254541,0.019529219264728923,0.019529219264728923,0.00016380758016745222,Reliable,-589008.7349729621,-601227.7012931145,-641163.2385749073,800246.4171760126,813176.3318365265,856281.5101669455
2026-10-07 15:30:00,0.0195291630767846,0.019540719556870197,0.019528800250017957,0.019540719556870197,0.0002268166461857124,Reliable,-529807.1109432908,-541944.0229804545,-581869.9002094914,810367.1774273243,823371.1332722908,866592.1614801023
2026-10-07 15:45:00,0.019540792961930727,0.019569852320923717,0.019540792961930727,0.01956625398566152,0.00026106228227091856,Reliable,-321607.8649203362,-333569.6218811887,-373500.29811450304,643833.924579161,657009.9152048248,700519.9793317408
2026-10-07 16:00:00,0.019566328837301684,0.019569685604258515,0.019566328837301684,0.01956863372673051,0.0002110494935508189,Reliable,-315043.4248012959,-326988.1839062269,-366916.8570975077,647640.9273713051,660832.2269967936,704366.2458345757
2026-10-07 16:15:00,0.019568798520690635,0.01957734934688872,0.019568798520690635,0.01957659916606114,0.0002360302983507756,Reliable,-480294.20440351724,-492162.14989586273,-532044.8913476731,1.0935459952162956e+06,1.1067783676318503e+06,1.150374009564352e+06
2026-10-07 16:30:00,0.019576525443733606,0.019576525453202265,0.019574261339253923,0.019574865867280827,0.00020488930974686957,Reliable,-309018.4465301444,-320898.78183649667,-360782.928554597,682457.7776483159,695679.0604186311,739257.259308068
2026-10-07 16:45:00,0.019574943140379195,0.0195772764618965,0.019574803890440213,0.019575461275784935,0.00014383742289338918,Reliable,-484793.46015614714,-496900.83506197034,-536784.4990792272,1.088770375018162e+06,1.1020873998322624e+06,1.1456714481571272e+06
2026-10-07 17:00:00,0.01957556948361562,0.019586503030864382,0.01957556948361562,0.01958258162400772,0.0002006076716275285,Reliable,-472305.95545246615,-484338.60170077917,-524143.14011629036,1.1555621787360539e+06,1.1689071738115198e+06,1.212473730800852e+06
2026-10-07 17:15:00,0.01958264177417609,0.019583163881050043,0.01957864993097274,0.019578929280218715,0.00019887509489062704,Reliable,-510644.55167839746,-522705.2762262231,-562512.7839424367,1.1966306019808217e+06,1.209950205763559e+06,1.2534800305685883e+06
2026-10-07 17:30:00,0.019579157972460556,0.01959578068798593,0.019579157972460556,0.019593005639975253,0.0002794768486662269,Reliable,-225264.3641201203,-237183.5975043379,-276857.63879246864,614451.7063876839,627833.3308273862,671356.4547081721
2026-10-07 17:45:00,0.019593236177946383,0.0195968749144974,0.019593236177946383,0.01959546622711933,0.00018088711708543758,Reliable,-430912.1372282721,-442829.20546346146,-482564.2495503123,1.2408045299172185e+06,1.2542217539289976e+06,1.2978145835510087e+06
2026-10-07 18:00:00,0.01959546624030082,0.01959546624030082,0.019582818666134753,0.01959536607204083,0.00020126924954046998,Reliable,-464610.15475700784,-476526.06464138057,-516261.1904102614,1.338668544834024e+06,1.3520850728670463e+06,1.3956768899616841e+06
2026-10-07 18:15:00,0.019595260438492756,0.01960067987518691,0.01959502558477695,0.019598737572034095,0.00016660443109239864,Reliable,-462693.9908637627,-474582.0585954361,-514303.40404138825,1.3949852074307853e+06,1.4084219244354991e+06,1.4520344228889013e+06
2026-10-07 18:30:00,0.01959878776565584,0.019626545658640623,0.01959878776565584,0.019626545658640623,0.00020065228126067147,Reliable,-237702.97160977492,-249519.1390318787,-289217.76289126545,1.0721238351101682e+06,1.0857537036561063e+06,1.1296471976594923e+06
2026-10-07 18:45:00,0.019626674030410664,0.019643960428165543,0.019626674030410664,0.01964362925398124,0.0002159608456111073,Reliable,-282839.63857406395,-294624.66995362804,-334309.30729487364,1.8005079022753576e+06,1.8142563635209524e+06,1.8583223853781295e+06
2026-10-07 19:00:00,0.019643629259993876,0.019650577731776045,0.019642226749444543,0.019642226749444543,0.00022468479933184237,Reliable,-245432.25617069885,-257219.84439099988,-296905.630772534,1.5040811391197909e+06,1.5178198662553353e+06,1.5618717269953412e+06
2026-10-07 19:15:00,0.01964218733907464,0.01964218733907464,0.019638641274667065,0.019639395478632134,0.00014307605634891196,Reliable,-319680.5225395766,-331473.271948205,-371161.3774927137,1.8674503693115336e+06,1.8811694448979206e+06,1.9251927166977162e+06
2026-10-07 19:30:00,0.019639580613410132,0.019642337473969772,0.019639580613410132,0.01964141796109512,0.00011515484234272399,Reliable,-300112.515109397,-311901.5777389333,-351588.0266778556,1.825028298556532e+06,1.8387614121227984e+06,1.8828051062803552e+06
2026-10-07 19:45:00,0.019641447831555366,0.019646419885233135,0.019641238173123295,0.019643509338434676,0.00014340853010303968,Reliable,-295529.43917934364,-307314.68917610135,-346999.42476700246,1.8800377504161003e+06,1.8937853793990943e+06,1.9378501904862945e+06
2026-10-07 20:00:00,0.019643539253721504,0.01964557014249207,0.019643511389397184,0.01964533309992588,0.00013224242598846024,Reliable,-277714.7208879975,-289496.6459021168,-329179.88712959347,1.8357637015425484e+06,1.849523987896605e+06,1.8936072128412384e+06
2026-10-07 20:15:00,0.019645370451228723,0.019645707708350994,0.0196438640397207,0.01964466911142426,0.00015288350656850191,Reliable,-280798.0760525161,-292580.6861411808,-332262.5437332848,1.8291944043178621e+06,1.8429495164831146e+06,1.887023695300739e+06
2026-10-07 20:30:00,0.01964474652408927,0.019645481010083385,0.019643852705012354,0.019644769709513874,0.00015364034054818899,Reliable,-189861.5595308692,-201633.80482544747,-241301.52543818858,1.2115623092733852e+06,1.2253071533507898e+06,1.2693389828495348e+06
2026-10-07 20:45:00,0.019644648062318387,0.019645429795920835,0.019643903253167724,0.019644759451282735,0.00015427900320375,Reliable,-279270.7929569537,-291043.056956793,-330710.78576377366,1.822546240503028e+06,1.836291013389319e+06,1.8803227395349732e+06
2026-10-07 21:00:00,0.019644744024099884,0.019645774634996737,0.019644191650029185,0.019645034386133693,0.0001370025831989974,Reliable,-188852.84804404966,-200624.6107146516,-240292.1199019974,1.2119222199865202e+06,1.2256689008871727e+06,1.2697033970299677e+06
2026-10-07 21:15:00,0.019644635044553084,0.019644635044553084,0.01961924884891064,0.019624354227595026,0.0002109543340832243,Reliable,-204747.94412849844,-215995.24022003182,-255680.42220264283,886056.4421310851,899111.1366052048,942937.2238726744
2026-10-07 21:30:00,0.019624261252242814,0.019624683827504857,0.01961276206963262,0.01961276206963262,0.00018294734259876043,Reliable,-185669.70344503518,-197501.16600177798,-237195.5856041584,661537.17683025,675313.0973452098,719155.9981992603
2026-10-07 21:45:00,0.019612067026413667,0.019612067026413667,0.019589250428619465,0.01960337544808016,0.0001919997866064449,Reliable,-472578.2450967092,-484426.8159539577,-524128.7085376369,1.5213126587086993e+06,1.5350469052109665e+06,1.5787810042678202e+06
2026-10-07 22:00:00,0.01960325042213398,0.019603280863624138,0.019600740492269654,0.019603107429538327,0.00017546102043808354,Reliable,-448997.3674240713,-460846.4266988195,-500548.5325673219,1.4382882223738716e+06,1.4520212788011874e+06,1.4957522708307796e+06
2026-10-07 22:15:00,0.019602966107910146,0.019610951632612773,0.01960272933692153,0.019610951632612773,0.00011788741337670494,Reliable,-406617.06091316015,-418437.2950263308,-458112.08610839624,1.456388939269229e+06,1.4701411741068426e+06,1.5139251402719493e+06
2026-10-07 22:30:00,0.01961088234498417,0.01961563752911435,0.019610122991920383,0.019615398540643366,0.00011339200734219456,Reliable,-421554.38867582404,-433366.5146868771,-473037.8949353822,1.6179791398170718e+06,1.6317511133562932e+06,1.67558648190295e+06
2026-10-07 22:45:00,0.01961539853204367,0.019616244756913703,0.01961539851794483,0.019615550504922,0.00011174761391181675,Reliable,-421585.0063665652,-433396.85527767165,-473068.118942842,1.6219564493522001e+06,1.635729097382935e+06,1.679566222401259e+06
2026-10-07 23:00:00,0.019615721683827633,0.019618291184962146,0.019615721683827633,0.019618075162654104,0.00010732379891820187,Reliable,-395809.0923629484,-407616.33746667946,-447285.6640349951,1.582285941677447e+06,1.596069794987099e+06,1.6399361001426843e+06
2026-10-07 23:15:00,0.019617975459753894,0.019619420339929534,0.01961690403031146,0.019617975488161223,0.0001554015455293989,Reliable,-396321.2533131038,-408128.6801844553,-447798.08323871874,1.5818587462040624e+06,1.5956421571385108e+06,1.639507310286256e+06
2026-10-07 23:30:00,0.0196178779811578,0.019618298643464833,0.019617130424340767,0.019618075626014846,0.00011205418082931296,Reliable,-380476.727128871,-392283.97138761065,-431953.2976003632,1.5192574393452997e+06,1.5330412947114364e+06,1.5769076052223986e+06
2026-10-07 23:45:00,0.019618219907519566,0.019620291052641774,0.019618219907519566,0.019619969653630453,0.00017754888110865785,Reliable,-226521.64196681947,-238318.47426449772,-277976.38582345267,913735.5636041733,927527.8248275312,971416.025384189
2026-10-08 00:00:00,0.019619825338316646,0.019619825338316646,0.01961775652565042,0.01961775652565042,0.0001557539918926487,Reliable,-360422.4734768913,-372223.3421687773,-411882.9208702054,1.4295016758415177e+06,1.4432841149728918e+06,1.4871467374074522e+06
2026-10-08 00:15:00,0.01961782335511532,0.019629113022109082,0.019617752000275403,0.019628927970174872,0.00021486040097711272,Reliable,-336565.44180498685,-348345.9324629436,-387997.0922120537,1.6100635900095468e+06,1.6238956035144327e+06,1.6678873246563426e+06
2026-10-08 00:30:00,0.019628994481799163,0.019629787682437443,0.019627480293518115,0.019627929634017566,0.00013588653334088984,Reliable,-304993.16729754675,-316775.4793522642,-356427.39181999955,1.4278364719252456e+06,1.4416640557902749e+06,1.4856442415210637e+06
2026-10-08 00:45:00,0.01962792879358198,0.019634311681455498,0.019627723112747478,0.019634311681455498,0.00018396848661086373,Reliable,-254819.1038962321,-266603.4748996779,-306190.9588830723,1.33243584053615e+06,1.3462915852271367e+06,1.390340918985852e+06
2026-10-08 01:00:00,0.019634362566561817,0.019642893512069007,0.019634362566561817,0.019642255302729242,0.0001282801159764091,Reliable,-281721.47244284564,-293490.6142030286,-333072.41006878664,1.741980701223108e+06,1.7558724197600714e+06,1.8000131858135557e+06
2026-10-08 01:15:00,0.019642359872135664,0.019643025514515102,0.01957133814081623,0.01957399000279137,0.00023101864466175143,Reliable,-256638.45373376404,-268668.47245300683,-308299.0070023963,558420.7589349805,572003.0903298461,615357.5079792062
2026-10-08 01:30:00,0.019574135726503055,0.01958510322110179,0.019566888682775747,0.019566888682775747,0.0003064358460526329,Reliable,-437250.8787209379,-449326.80314659805,-488962.38907868095,887912.2469096296,901462.3632478504,944734.9020634306
2026-10-08 01:45:00,0.01956688271535977,0.01956688271535977,0.0194133857603513,0.0194133857603513,0.0016812934820813474,Reliable,-299292.17387164634,-312116.7889533118,-352102.03077654366,125970.7607610248,138568.236788691,180322.06946276428
2026-10-08 02:00:00,0.01941294203268205,0.01941294203268205,0.019377513284688893,0.019379633523383198,0.000558213343292735,Reliable,-528103.5266191538,-541070.6641688325,-581154.0883324043,138142.67427809048,150627.49571560358,192068.24294566075
2026-10-08 02:15:00,0.01937972793240978,0.01938633602923572,0.019364485096770325,0.019364485096770325,0.0007272764766872442,Reliable,-341034.4311242563,-354065.48783969786,-394192.9299479901,74336.79283699299,86781.6543840583,128081.79630867025
2026-10-08 02:30:00,0.019364444953729923,0.01936967626069389,0.019362366691760852,0.01936662031062447,0.0005506254154352686,Reliable,-310376.2200500609,-323411.79941380926,-363533.03885206615,71058.1477967788,83528.4840109495,124848.44798240693
2026-10-08 02:45:00,0.019367250301790373,0.01937355119328324,0.019365601462873697,0.019368533594124222,0.0005408845276679841,Reliable,-312304.028306274,-325331.42622048856,-365447.1071856404,73535.04864118728,86010.54261435039,127348.26743590304
2026-10-08 03:00:00,0.019367900137798256,0.01937385741850201,0.019366042290607226,0.01936631321017295,0.0006155075791905773,Reliable,-314256.0350755388,-327292.92759726965,-367415.05918025546,71460.08043728955,83929.58875767718,125246.70185971682
2026-10-08 03:15:00,0.019366553763516654,0.019368067498260012,0.01916080501097654,0.019169801403365164,0.0013355226459422997,Reliable,-395792.20780852565,-409651.02593349136,-450121.03367604216,716457.5547445009,728395.9457506173,767883.4010967754
2026-10-08 03:30:00,0.01916981121923413,0.019191269523202544,0.019123019466969572,0.019123019466969572,0.0003262402969927081,Reliable,-424385.88534397486,-438485.1255155644,-479071.7631468144,469139.43914836406,480944.05046336266,520001.7536265033
2026-10-08 03:45:00,0.019123117157704372,0.019128464520755426,0.019123117157704372,0.019127740586508454,0.00028467852708409237,Reliable,-414085.3330182911,-428174.948127872,-468733.7949957365,480205.22419224057,492024.6147309793,531122.492760635
2026-10-08 04:00:00,0.019127717671611526,0.019128788897643075,0.019001577894378143,0.019001577894378143,0.0036064923190377574,Reliable,-448233.3272455063,-462495.6055165547,-503764.25049571873,127260.60976633575,138727.1283692798,176706.86020993182
2026-10-08 04:15:00,0.01899848477511622,0.01899848477511622,0.018880261280224638,0.01891425553018287,0.0019024221773258575,Reliable,-32379.92229296191,-46711.730779026875,-87899.88053338247,804020.2771333038,815841.4350898165,852787.7728505047
2026-10-08 04:30:00,0.01891493001488482,0.018920997701853633,0.01891493001290796,0.018918683924330746,0.00013788231404121554,Reliable,-30868.114167789212,-45105.85379928281,-86227.63151262728,1.5767830680443167e+06,1.5886147938542678e+06,1.6256208184504686e+06
2026-10-08 04:45:00,0.018918670807237525,0.018921916161761046,0.018916046611690412,0.018918584895561967,0.0006040117538105516,Reliable,-31283.74619752243,-45521.617185009265,-86643.93439518704,1.576422841196611e+06,1.5882543306993132e+06,1.6252590206411309e+06
2026-10-08 05:00:00,0.018918642195786747,0.01893987188161066,0.01891747231547646,0.018939295260232254,0.0005964662106601847,Reliable,-352189.60555801634,-366399.99371124164,-407409.23662723135,29556.20016946598,41437.096295312745,78720.83297125911
2026-10-08 05:15:00,0.01893828050627053,0.018995750828460327,0.018935137515290558,0.018995171151056558,0.0012133483996602523,Reliable,-390477.2134791742,-404613.3365728898,-445316.70479560154,102244.33685600644,114258.39585084523,152181.24754929324
2026-10-08 05:30:00,0.018994895082329766,0.019007170203086954,0.01896749752755993,0.01896749752755993,0.001063973097547577,Reliable,-303832.39508906903,-318005.32075956295,-358860.2578537852,51870.41345079184,63818.5454560682,101482.02782959347
2026-10-08 05:45:00,0.01896683022533073,0.01896683022533073,0.01884311262311729,0.01884311262311729,0.0019974541766112353,Reliable,-349214.5755224947,-363552.6964623578,-405086.03245729057,1.2663461996784455e+06,1.2779977336065886e+06,1.313984530814578e+06
2026-10-08 06:00:00,0.018843297180310612,0.018871801986614575,0.018843297180310612,0.018871801986614575,0.0006355729054039472,Reliable,-204008.36406892558,-218267.96936593228,-259496.5640481294,1.230938916183394e+06,1.242615336969625e+06,1.2788086701083016e+06
2026-10-08 06:15:00,0.018871828954559734,0.018877225260740406,0.018870443393333623,0.018873656393188352,0.0011242437157174211,Reliable,-136479.62515981676,-150737.88217699723,-191960.45039839513,831826.0834841261,843508.1268438782,879731.4172294273
2026-10-08 06:30:00,0.018873932945905097,0.0189249194361546,0.018855875364437506,0.018892212679799347,0.0006018108834045854,Reliable,-150822.36009374686,-165067.00099173625,-206188.5276323456,1.5526653184568004e+06,1.5644001568122753e+06,1.6008737003915727e+06
2026-10-08 06:45:00,0.01889227363361809,0.018905884353687927,0.01885271513819772,0.01885271513819772,0.0006384116577779597,Reliable,-84382.46561010666,-98680.777820882,-140017.29053809054,321318.3839177697,332957.5367523562,368898.2620587951
2026-10-08 07:00:00,0.01885234650333001,0.01885234650333001,0.01882709121313868,0.018844038014067727,0.00029808472300061337,Reliable,-246739.0241808651,-261049.26273243,-302433.175726763,896043.5663095047,907661.8432637089,943485.5880507372
2026-10-08 07:15:00,0.01884401359599483,0.018868898026290694,0.018840458905077025,0.018868898026290694,0.0002865725924253937,Reliable,-242674.21218163212,-256950.19810359486,-298197.05814373324,1.387458284565449e+06,1.3991362802337627e+06,1.4352933329859276e+06
2026-10-08 07:30:00,0.01886899553594576,0.018883704240328036,0.01886899553594576,0.01887987630593443,0.0002398131496891054,Reliable,-192494.80806632966,-206708.29603289775,-247720.85534361246,1.4069128173736555e+06,1.418620118532176e+06,1.454936482226263e+06
2026-10-08 07:45:00,0.01887986587716389,0.01887986587716389,0.018842391122519744,0.018852487729345613,0.00026146596188234564,Reliable,-283548.1437687486,-297740.5964897538,-338902.334200792,1.191593442300373e+06,1.2032343800044945e+06,1.2391811974435253e+06
2026-10-08 08:00:00,0.01885255570518431,0.018871148694643427,0.0188518075158982,0.018871148694643427,0.00023622616113296857,Reliable,-26879.031476948723,-41049.1050471454,-82109.21782267974,93145.49281618951,104831.65190376957,141030.28554280035
2026-10-08 08:15:00,0.018870375305794378,0.01890504557021249,0.018870375305794378,0.01890483867941975,0.0026647506751347194,Reliable,-36660.52213523896,-50814.26196723999,-91779.1872255537,463787.0397337009,475580.7571313377,512341.1776208617
2026-10-08 08:30:00,0.0189043755929503,0.0189043755929503,0.018885957053976853,0.018893491646120156,0.0005913698422075342,Reliable,-67933.89491386885,-82101.3012147441,-123128.24080692096,653504.5473796204,665270.8340190141,701878.4492860078
2026-10-08 08:45:00,0.018893562326745546,0.018895170477069585,0.018892948290164788,0.01889361799175904,0.00015599312061329585,Reliable,-114551.99025558155,-128463.25598838669,-169146.63589503657,1.2190450879728734e+06,1.2308116806171665e+06,1.2674209997542922e+06
2026-10-08 09:00:00,0.018893757302871912,0.018906006899826775,0.018893757302871912,0.01890124035355728,0.0002761902137213834,Reliable,-89324.8740328192,-103226.93787234808,-143872.8926141415,1.2650849623721428e+06,1.2768700142285794e+06,1.3135821163613524e+06
2026-10-08 09:15:00,0.018901240261476344,0.018931781515904474,0.018901240261476344,0.018931781515904474,0.001315007177678296,Reliable,-279256.598188663,-293121.7620884461,-333617.33153735654,24339.39635145243,36198.372988121555,73322.09671697833
2026-10-08 09:30:00,0.0189452079216087,0.019025577900062547,0.018944948157437518,0.019025577900062547,0.0014646852611301497,Reliable,-414456.18701273686,-428178.2501435997,-468198.81466159096,162572.96281578252,174661.8033993592,212796.09790977047
2026-10-08 09:45:00,0.019025660792101533,0.019055814739809537,0.019025660792101533,0.019055814739809537,0.000585938133194408,Reliable,-404786.80830815673,-418472.6363705139,-458344.7571403092,224580.74433194043,236784.60216014783,275188.2090855176
2026-10-08 10:00:00,0.01905631008959905,0.019117761045192812,0.01905631008959905,0.019117761045192812,0.0009402309195156722,Reliable,-105127.13911362649,-118737.5385316045,-158303.05727599922,109033.71875163667,121471.79967443568,160424.17631619555
2026-10-08 10:15:00,0.0191181943786188,0.019209182703410554,0.0191181943786188,0.019203736378693225,0.0012924212653150136,Reliable,-358874.34746838687,-371972.70311108406,-411420.8368573131,978615.0011455411,991213.9824840256,1.0309577271080917e+06
2026-10-08 10:30:00,0.019203701577472865,0.01924990321098462,0.019201729021140625,0.01924990321098462,0.0001692723577864541,Reliable,-86812.01433871714,-99648.80372904355,-139130.3797723819,447007.20528130076,459684.1157294053,499931.195631775
2026-10-08 10:45:00,0.019249715735748824,0.019261368865267966,0.01924844002435326,0.019261368865267966,0.00020301292449484976,Reliable,-43946.75502540286,-56722.58330627785,-96212.45343019569,244095.4647024034,256791.51859933915,297163.3126173945
2026-10-08 11:00:00,0.019261480994377224,0.01926552007397234,0.019261276381919476,0.019261482225445145,0.0002961913431056562,Reliable,-89137.93431720397,-101913.16113461189,-141403.1132389495,600253.179917445,612949.4249925419,653322.4537682647
2026-10-08 11:15:00,0.019261625955838472,0.01926237497513964,0.019239023832153316,0.019239235160720153,0.00026357874996141284,Reliable,-185383.10356398617,-198275.9473418558,-237748.39808457514,843861.8812600406,856520.2005625317,896649.1310733354
2026-10-08 11:30:00,0.019239613557389495,0.019267198553183866,0.019235398943096376,0.019267198553183866,0.0026339252819371772,Reliable,-119130.40511705841,-131874.91676918857,-171367.59711990596,966015.1945763915,978720.6850594322,1.0191542660718105e+06
2026-10-08 11:45:00,0.019267369375270876,0.01927453794879153,0.019267369375270876,0.019272277465293995,0.00019431016080617702,Reliable,-130659.66201189042,-143377.2195148744,-182873.5712214164,1.2552092976262996e+06,1.2679233520037401e+06,1.3084122420987836e+06
2026-10-08 12:00:00,0.019272277872482237,0.01927618661370002,0.019272277872482237,0.01927618661370002,0.00018713106017027582,Reliable,-94262.37659605448,-106957.73989710132,-146446.94884015477,988321.0728800559,1.0010466583516087e+06,1.0415794755376937e+06
2026-10-08 12:15:00,0.01927610076814916,0.01927610076814916,0.019275538052101592,0.0192755380601565,0.00013146347606354247,Reliable,-130393.78284228459,-143098.98827860894,-182588.16539656342,1.4027947868728095e+06,1.415524341750215e+06,1.4560505153651373e+06
2026-10-08 12:30:00,0.019274750367957352,0.019275721007853422,0.01910432279614122,0.01910432279614122,0.010649004184882216,Moderate,-48298.86143432808,-61927.437638007345,-101532.5082626705,44461.94713153494,56847.833953597896,95650.2406343577
2026-10-08 12:45:00,0.019104259827170404,0.019104259827170404,0.01906025675202606,0.01906025675202606,0.0007752357843006319,Reliable,-445809.3686963431,-459491.61700357293,-499313.51225147775,258937.72672089518,271155.69889138546,309567.8513836862
2026-10-08 13:00:00,0.01906019337471642,0.01906019337471642,0.019006533442095457,0.019006533442095457,0.0006133047052961915,Reliable,-486740.2118782702,-500487.17592628236,-540570.6904064197,147754.4071740893,159790.42246783242,197723.5741609964
2026-10-08 13:15:00,0.019006725684539646,0.019027613120334543,0.019001530298537347,0.019027613120334543,0.0008292009079676754,Reliable,-467996.58305788785,-481717.9548274859,-521698.02299084066,187181.04613914737,199273.8876635816,237394.1005046432
2026-10-08 13:30:00,0.019025560828938283,0.019026531630959336,0.019022224619834497,0.019025844654836078,0.000839167847027289,Reliable,-470779.8704012888,-484486.1939291126,-524411.8616463639,184200.7044855088,196268.27413689304,234296.15315001074
2026-10-08 13:45:00,0.01902560736733331,0.019028792205045605,0.01902387137844172,0.01902669948484762,0.0006447782857186727,Reliable,-471438.2128757323,-485143.49779056304,-525064.9676522977,186394.8909595077,198465.72304750336,236501.18426943335
2026-10-08 14:00:00,0.01902655651559869,0.01902706465544756,0.01902643929086553,0.019026866073041142,0.0004934773756343214,Reliable,-470180.34325986,-483884.8649094069,-523803.5757734209,186297.7131607527,198368.57692650994,236403.01596059496
2026-10-08 14:15:00,0.01902686606582058,0.01908746780755048,0.01902686606582058,0.01908685478725683,0.002550653443483575,Reliable,-458485.07045876246,-472116.6121432872,-511740.46292132646,351641.9945488932,363941.63037508546,402507.7289669985
2026-10-08 14:30:00,0.01908706563277735,0.01909182170939188,0.019072862998641346,0.019082738275950244,0.0005454725674523431,Reliable,-353164.8255179474,-366801.38102277485,-406445.48663466267,260306.89308430438,272590.84178503614,311120.4838611157
2026-10-08 14:45:00,0.01908272922216869,0.019083631538129392,0.019072108463053662,0.019072108463053662,0.0005335278147282188,Reliable,-306700.83455609943,-320357.5150178072,-360080.25558984483,203238.03531882772,215489.20400044793,253956.69934907777
2026-10-08 15:00:00,0.019071939818851278,0.019071939818851278,0.018835412009736822,0.018835412009736822,0.0030900753397616445,Reliable,-36199.342944265714,-50035.375144479665,-90845.58582278731,76063.66729837877,87672.5066724886,123415.47226525417
2026-10-08 15:15:00,0.018835137474693394,0.018835137474693394,0.01844084569469073,0.01844084569469073,0.014704406294628792,Moderate,-19590.31113134092,-34254.14277813375,-77365.1803734762,21608.503922952637,32648.698840721245,63075.029181212216
2026-10-08 15:30:00,0.018434720712339193,0.018434720712339193,0.018391434868186483,0.01841663075229559,0.0029439318894824984,Reliable,-65928.06984777644,-80499.48849014418,-121453.45490455054,105032.46579065803,116828.18557670363,146945.41959328845
2026-10-08 15:45:00,0.018417059503509872,0.01850533313609483,0.018417059503509872,0.01850533313609483,0.002364014860164687,Reliable,-16479.02271223317,-29545.47150626503,-70240.04084686181,22076.52736065107,33913.76743230431,65371.642671182286
2026-10-08 16:00:00,0.018506433205489295,0.018524887693041527,0.018506433205489295,0.018523943524856562,0.0008116480850497881,Reliable,-122908.3769957094,-135946.11787504895,-176602.02752987342,1.5624345891946722e+06,1.5742851970191926e+06,1.606043261446782e+06
2026-10-08 16:15:00,0.018523943444318583,0.018529403794964528,0.018502672739294464,0.01850330735584655,0.0003580804148666239,Reliable,-69673.03719551998,-82644.03869694528,-123348.75365461397,422427.3594076774,434268.31889222085,465714.9229960849
2026-10-08 16:30:00,0.018503538638242674,0.01868962045165953,0.018497460548464857,0.018689582704272494,0.01446998552057388,Moderate,-205602.39308803927,-218294.8645025058,-258447.61143027522,132505.10949510147,144697.95391363595,178949.74073778337
2026-10-08 16:45:00,0.018689583888585305,0.018689583888585305,0.018625531449546776,0.018625531449546776,0.0007964315967959213,Reliable,-185598.64039312123,-198387.11489936334,-238731.09789640893,59965.163582002104,71863.19018844033,105151.9914269688
2026-10-08 17:00:00,0.018625499156937588,0.018625499156937588,0.018534757785977008,0.018534757785977008,0.005635271784461927,Reliable,-70981.88800533756,-83897.26476314368,-124478.29664863177,1.536913332421606e+06,1.5487595789252166e+06,1.5806791874781616e+06
2026-10-08 17:15:00,0.01853406021745346,0.01853406021745346,0.0183143688618917,0.0183143688618917,0.013936613561103295,Moderate,-139573.3241060075,-152608.70661852317,-193943.30637061907,85331.82103394915,96956.43191515183,125664.51888025962
2026-10-08 17:30:00,0.018314264575704002,0.0183241521367511,0.018304633686163314,0.0183241521367511,0.0006751712330634874,Reliable,-446116.1343340445,-459362.66262046155,-499495.49609963543,292663.6825036625,304308.27098935924,333148.3354626854
2026-10-08 17:45:00,0.01832415233230624,0.01832737153086815,0.01829719352965053,0.01830808302380794,0.0012582966258100517,Reliable,-451501.25122248335,-464759.7702857789,-504968.99123700033,247522.68582180346,259133.56930614327,287756.2981790687
2026-10-08 18:00:00,0.018308157776887574,0.0184041671391975,0.018308157776887574,0.018400384584989535,0.0007833023892377166,Reliable,-381097.3821602744,-394236.59731674916,-434056.6678568662,564519.499448095,576302.3338747243,606193.6010670074
2026-10-08 18:15:00,0.01839994871588532,0.018448771263483973,0.01839994871588532,0.01844786758774805,0.0007832408389209844,Reliable,-174913.41735690137,-187151.77748921653,-224323.3416509655,447262.38068773365,458309.07088212983,488251.0775022282
2026-10-08 18:30:00,0.018447954614120233,0.018488896116409137,0.018444514147516657,0.018488896116409137,0.0005145803326424448,Reliable,-239284.20305111876,-251382.37997846046,-288494.24236385943,1.2004265391209065e+06,1.2114915815785842e+06,1.2419881125227842e+06
2026-10-08 18:45:00,0.0184889568976468,0.018506830494097307,0.0184889568976468,0.018506830494097307,0.0009120853515840244,Reliable,-35575.52731881038,-47618.765232061574,-84704.48122978014,190254.3402661808,201327.39846318198,232066.12963971932
2026-10-08 19:00:00,0.01850691558240556,0.018521239024895605,0.01850300263235657,0.01851774592272515,0.0007117758208726288,Reliable,-79010.63525529674,-91020.41974328204,-128090.20749115292,750746.5711714105,761824.5060993083,792710.5905402754
2026-10-08 19:15:00,0.018517944801376602,0.018528775149644044,0.018508355411197382,0.018528022364649403,0.0006057609872877287,Reliable,-67369.65338790641,-79321.80283228977,-116342.07422848078,961918.6333723955,973001.1582350791,1.0040259302289619e+06
2026-10-08 19:30:00,0.018527315049480415,0.01853574711502715,0.01852554893142896,0.01853574711502715,0.00024581133465384486,Reliable,-65659.46815997777,-77587.92229583004,-114597.34228039846,1.5146112007347937e+06,1.5256971749906968e+06,1.5568261724097533e+06
2026-10-08 19:45:00,0.018535810469655977,0.01853726446925559,0.01852928068730659,0.018535543631424834,0.0002819905509870324,Reliable,-35343.06690004126,-47238.56218357923,-83897.75181230943,612162.2836853219,623248.193971209,654374.5574339521
2026-10-08 20:00:00,0.018535421839193888,0.018567027832008306,0.018534829048938217,0.018567027832008306,0.0060363895913778665,Reliable,-148903.695691885,-160677.60173102844,-197310.19976388873,24058.532155708617,35158.49399866698,66709.43284732041
2026-10-08 20:15:00,0.0185686450181286,0.018766510029757367,0.0185686450181286,0.018766510029757367,0.0017914180939034186,Reliable,-261380.66898627643,-272636.69208793587,-309729.5877800451,365817.23253636365,378509.8396947619,412745.3313990614
2026-10-08 20:30:00,0.018766694504233957,0.018847302886945454,0.018766694504233957,0.018847302886945454,0.0006845576784260121,Reliable,-294291.9173318769,-305148.1599510093,-342254.28790363716,1.1385426898950469e+06,1.150823278109624e+06,1.1861694475706809e+06
2026-10-08 20:45:00,0.018847394733936967,0.018855277878719653,0.018847394733936967,0.018850597616458704,0.0004145390448746511,Reliable,-114142.81367708008,-124738.03581511664,-161269.9136207684,441185.58141414786,453483.0075629754,488874.41592617455
2026-10-08 21:00:00,0.018850354339682473,0.018850354339682473,0.01884126364531691,0.01884126364531691,0.00031777700028228216,Reliable,-336658.73879946815,-347789.888577019,-385498.3120172233,1.1871638622922495e+06,1.1994135827391993e+06,1.2346768189913312e+06
2026-10-08 21:15:00,0.018841247185384893,0.018841715989532496,0.018816798326685445,0.018816798326685445,0.001099231116282075,Reliable,-79583.69451137054,-90815.45785255858,-128468.8019836085,182526.8821616894,194667.5611392735,229594.69408213877
2026-10-08 21:30:00,0.018816364755132285,0.018816364755132285,0.018808244735436793,0.01881214127715066,0.0005560091956722474,Reliable,-292817.1762491912,-304075.76493125915,-341729.98490870115,686824.0569937002,698940.4750480638,733803.604930598
2026-10-08 21:45:00,0.018812530593983617,0.018852252808065538,0.018812530593983617,0.018852252808065538,0.001099616579894036,Reliable,-192272.16527085673,-203379.834556827,-241022.00792657927,792057.8638896715,804383.1448239149,839797.2786142736
2026-10-08 22:00:00,0.01885230124994496,0.018858212743880644,0.01885230124994496,0.018857926555150825,0.0002068354374774817,Reliable,-252543.05416172283,-263642.9282015839,-301283.38966298266,1.1670199624836787e+06,1.1793747689770092e+06,1.2148667945327556e+06
2026-10-08 22:15:00,0.01885809740197709,0.018861138884588364,0.01885710137074292,0.018860114862560826,0.000211402785960213,Reliable,-273664.5205245419,-284761.3875683831,-322401.1882397228,1.322071946830985e+06,1.3344381801642012e+06,1.3699602446622588e+06
2026-10-08 22:30:00,0.018860038551971055,0.018869448837214475,0.018859483204994396,0.018868667171859848,0.0004923235474884712,Reliable,-190943.31568231745,-202023.72185801328,-239643.67167559307,1.075719172006285e+06,1.088124831851368e+06,1.1237432998088074e+06
2026-10-08 22:45:00,0.018868585816484148,0.01888239925971785,0.018867075981862998,0.01888239925971785,0.0003119382872503351,Reliable,-36914.128721434834,-47975.65186369249,-85591.43499913265,209691.5375932091,222168.61975617424,257975.49827720472
2026-10-08 23:00:00,0.018884136417988105,0.018945787712232764,0.018884136417988105,0.018945787712232764,0.0016738496625245069,Reliable,-339796.5350644987,-351335.8559975461,-390082.48844451975,37009.8692245842,48947.62946921433,84732.12213880682
2026-10-08 23:15:00,0.018946232156765136,0.018956894003269564,0.018946232156765136,0.018949382117711692,0.0006826471681746771,Reliable,-298479.2290032276,-310013.6474420297,-348754.91000192077,36240.98811109799,48196.32412565437,84024.3480974521
2026-10-08 23:30:00,0.018949050275350255,0.018989611400481415,0.0189437252240393,0.018989611400481415,0.0015956837711749606,Reliable,-347263.69639383204,-358743.19932727405,-397424.2788446903,86536.53008794431,98688.46390893548,134915.56916857147
2026-10-08 23:45:00,0.018989764593371376,0.019056537866194063,0.018989764593371376,0.019052939309582947,0.005377732887039799,Reliable,-350668.70816115476,-362061.5944735536,-400647.63037921384,190296.7439589701,202799.46656035504,239501.8141057436
2026-10-09 00:00:00,0.019054307421791306,0.0190646559268539,0.019054307421791306,0.019060233090355202,0.0005923014624496404,Reliable,-352410.73808994447,-363793.6350318143,-402368.7004196266,206729.9531955167,219278.58430026242,256035.6170385638
2026-10-09 00:15:00,0.019060233095768445,0.019060233095768445,0.01900603348681196,0.01900603348681196,0.001559770615214795,Reliable,-216135.0910064526,-227590.6666471912,-266243.10838223156,70854.92936757574,83085.45645224785,119429.25372394841
2026-10-09 00:30:00,0.019005895274701107,0.019130582197306505,0.019005895274699664,0.019130582197306505,0.001304880257327002,Reliable,-390776.1150485133,-402061.0321952629,-440526.38261555793,469118.2933294811,482107.5715648177,519384.86653289106
2026-10-09 00:45:00,0.019131055332051075,0.01913800045010329,0.019128217322937298,0.019128217322937298,0.0003198430486609505,Reliable,-323190.675417519,-334478.8403884497,-372947.7565441203,378478.69706567784,391453.12173053354,428712.7202175118
2026-10-09 01:00:00,0.01912846659320672,0.0191325855179652,0.019104527203798023,0.019104527203798023,0.0006332862900688685,Reliable,-410156.488144824,-421477.1723326967,-459981.779824962,378161.29557888664,390986.8915514409,428069.1552098313
2026-10-09 01:15:00,0.019104527197918917,0.01911713849058335,0.019095230186032666,0.01911713849058335,0.0005472445392646907,Reliable,-356763.5863146975,-368066.9626894155,-406552.57655325264,373642.7491281056,386547.59670114284,423724.2771241048
2026-10-09 01:30:00,0.019117617054050916,0.019145822679630126,0.019117617054050916,0.01913900167473024,0.0007180809232149698,Reliable,-359294.84903437307,-370568.13843913365,-409020.85231416713,470077.41957936913,483112.95431885705,520459.8869182488
2026-10-09 01:45:00,0.019139171971420586,0.019151252504142326,0.019139171971420586,0.019151252504142326,0.0002227506444855365,Reliable,-132580.38359435607,-143836.59617391884,-182271.06279783713,193661.6231878668,206715.12158560185,244209.16436757473
2026-10-09 02:00:00,0.01915161892859489,0.01915543916169844,0.01915032469391816,0.019153877724026037,0.000292289892032227,Reliable,-372145.5612307705,-383398.11342122,-421828.668073951,569250.8716920317,582308.9107109552,619834.4714873784
2026-10-09 02:15:00,0.019153721222700565,0.019165508920186453,0.01915302279992124,0.019165508920186453,0.00045878895852085125,Reliable,-362133.25919427595,-373369.58952006086,-411782.8043807211,628170.4410008851,641248.5163031676,678913.6934912255
2026-10-09 02:30:00,0.019165604175583308,0.01917361552233042,0.019165604175583308,0.01917011893370492,0.00039238227376334753,Reliable,-364752.48380757176,-375982.3826773869,-414388.7215133449,666062.4866218086,679148.5016034466,716869.0038995241
2026-10-09 02:45:00,0.019170290922910588,0.019176637065583705,0.019170112825952153,0.019176637065583705,0.00019656635581011273,Reliable,-356188.1734104068,-367408.97692369105,-405805.59039189504,700091.3334548597,713188.5727783166,750987.2882988564
2026-10-09 03:00:00,0.019176856324103164,0.019180109158657827,0.019172622917959247,0.019172622917959247,0.00022680656994418237,Reliable,-379191.1383371538,-390417.5434241237,-428820.14665261615,712652.0786559344,725742.4211263593,763492.9711319511
2026-10-09 03:15:00,0.019172527705530535,0.019198994580945594,0.019171815132909078,0.019198994580945594,0.00089464721493564,Reliable,-197329.64142097312,-208519.23074735395,-246882.4563225845,499786.3807420206,512922.1236944296,550989.0135107737
2026-10-09 03:30:00,0.019199106429089417,0.019405915597212685,0.019199106429089417,0.019405915597212685,0.0089957500715248,Reliable,-25191.89239334978,-36411.63037095127,-74309.89846602164,20121.854400664295,33506.4465020863,74047.73257412366
2026-10-09 03:45:00,0.019407404112670484,0.01953725427373002,0.019407404112670484,0.01953725427373002,0.0034362304694490575,Reliable,-271393.04737249814,-282647.1593804441,-320137.19790474954,399840.239404859,413641.6463969625,455760.49990726257
2026-10-09 04:00:00,0.01954168445360245,0.019543390850979604,0.01952158760224582,0.019530571351969197,0.00031781835635915636,Reliable,-387738.7952127955,-400417.6633394568,-437928.1570294117,532711.5913260515,544912.4770608601,585722.3326031978
2026-10-09 04:15:00,0.019530572962385036,0.019559530718327986,0.01952716664279028,0.019553176788889206,0.0008467322728768189,Reliable,-327492.8173449125,-340444.2884116155,-377885.56818207167,568418.8848600851,580276.2252575778,620989.0011282925
2026-10-09 04:30:00,0.01955301766218497,0.019573463809330414,0.01953798998077027,0.01954115993365365,0.001866338445962601,Reliable,-314970.454004377,-327964.8944616459,-365442.9758604413,480899.0724902104,492731.0028201452,533334.3806636746
2026-10-09 04:45:00,0.019541066794625413,0.019541066794625413,0.01951178045663552,0.019528606051515608,0.0005942394350579196,Reliable,-24384.273902499954,-37438.235336132246,-75008.39421791366,27763.133054801587,39584.17738594834,80138.4180266062
2026-10-09 05:00:00,0.019526924173858633,0.019531402770712577,0.019510576695067703,0.019530844995028735,0.0003028777550739825,Reliable,-157555.8251294553,-170586.74665405022,-208150.05682192725,213413.53521470097,225239.33643725156,265813.97272795404
2026-10-09 05:15:00,0.019531335282311303,0.019870124112835407,0.019530836310393204,0.019870124112835407,0.014127662033292743,Moderate,-281218.6052478029,-293047.0581091944,-329565.0669626506,227722.04352303187,240511.46200198465,284163.32931502676
2026-10-09 05:30:00,0.019870814707698106,0.020008143121706092,0.019870814707698106,0.020008143121706092,0.0016284708281709248,Reliable,-16118.800246838942,-27274.425048967798,-63580.80497401252,23548.449702452246,37174.00630199667,82206.07381510553
2026-10-09 05:45:00,0.02001066410075651,0.020064806531676364,0.02001066410075651,0.020061531511629864,0.0015174607057662382,Reliable,-18668.132160329926,-29712.493028437984,-65982.71777609822,75755.27659231504,89677.50920563476,135275.10079472174
2026-10-09 06:00:00,0.020061344155944016,0.020061344155944016,0.02004648810152226,0.020050897639474867,0.00038246227804550337,Reliable,-98576.11636063893,-109252.33756831568,-145530.41851984517,748639.7962492169,761921.1231724691,807259.8042133099
2026-10-09 06:15:00,0.020051075689538345,0.02005443828459402,0.020047816377432283,0.020050404003404347,0.000373681288173211,Reliable,-87225.01399270441,-97901.72808075928,-134180.17355148742,642873.905495381,656152.660414819,701486.7046721753
2026-10-09 06:30:00,0.020050703311714168,0.0200571734914094,0.020019365856883218,0.020019365856883218,0.0004962817354043469,Reliable,-98788.14827390407,-109496.03703371933,-145797.98553836145,396121.55153541267,409229.11766690924,454272.40574999776
2026-10-09 06:45:00,0.02001940475241813,0.02001940475241813,0.01981628367691648,0.01981628367691648,0.0048934150659023954,Reliable,-250914.33962795162,-262403.3672624073,-298999.55888523307,119969.27024288976,131916.2334663627,175110.0785242722
2026-10-09 07:00:00,0.019816115758844767,0.019843635846715536,0.019814259089365,0.019834294666512143,0.0005894945888841984,Reliable,-458711.91273321176,-470136.70251148794,-506697.1298035186,257538.06526185095,269537.2475768493,312690.10200929065
2026-10-09 07:15:00,0.019834294698263963,0.019985402473079564,0.019834294698263963,0.019985402473079564,0.00120033412183691,Reliable,-54822.9681218285,-65620.588823363,-101966.63152765739,127695.49390956812,140621.0319582999,185109.2127195298
2026-10-09 07:30:00,0.019985444432117083,0.020006439215813344,0.019985444432117083,0.020006439215813344,0.0004019591735297202,Reliable,-325795.8601545652,-336492.36070548574,-372714.77368026285,1.1525032463553725e+06,1.1654661844455996e+06,1.2099495036070126e+06
2026-10-09 07:45:00,0.02000636708200601,0.020007469744104132,0.019870704854488944,0.019870704854488944,0.004984647766186989,Reliable,-29426.823356544974,-40692.18586097099,-77072.10228674124,27107.476375407365,39268.5413784136,82543.98239580453
2026-10-09 08:00:00,0.01986904948203563,0.01986904948203563,0.019832573506369865,0.019839146737750533,0.001667514734821185,Reliable,-257718.63480116677,-269127.8348394083,-305575.6113087943,154986.5302863135,166967.58186189595,209983.32056838763
2026-10-09 08:15:00,0.01983945283786995,0.019841743513389846,0.01983890466717733,0.019839859084536754,0.000503536854557618,Reliable,-353969.03821497475,-365375.69657574577,-401822.00951860595,211944.23554108132,223930.05683555052,266951.65995995596
2026-10-09 08:30:00,0.01984049198809009,0.01984239861917644,0.0198328463751631,0.01983935045835087,0.000497030531230314,Reliable,-211710.9565592945,-223119.42972094065,-259566.78764855902,128740.19117327631,140722.6180638185,183740.03391747817
2026-10-09 08:45:00,0.01983691950168634,0.019837252262051797,0.01971836717719291,0.01971836717719291,0.004872748010640438,Reliable,-149151.42729350348,-160990.80447653405,-197686.00247225098,22546.114774429177,34148.456543129134,76168.32872439575
2026-10-09 09:00:00,0.01971835981432714,0.01971835981432714,0.01963280197299225,0.01963280197299225,0.005835392067202738,Reliable,-45265.46333806371,-57408.66624037021,-94278.06447966113,182403.92774948286,193883.98119597588,235196.4477638007
2026-10-09 09:15:00,0.019632787709369427,0.019657841964469517,0.019622711845316314,0.019657841964469517,0.0008411178225856241,Reliable,-135928.21200616032,-147982.58282435423,-184801.0955537722,1.1901748849436108e+06,1.2016907526502796e+06,1.2432103952446657e+06
2026-10-09 09:30:00,0.019657941229168835,0.019666198244752076,0.019653833080570362,0.019663081339693522,0.00020232623619054202,Reliable,-104877.798266997,-116913.78941157644,-153722.43925319795,1.0520356135467705e+06,1.0635592047828475e+06,1.1051232438203215e+06
2026-10-09 09:45:00,0.019663080889128423,0.019672636953841163,0.019660506671124157,0.01966523662113742,0.000643948440879738,Reliable,-114670.01350153213,-126698.28821740791,-163502.31188559864,1.2545472352795424e+06,1.266073836574614e+06,1.3076554048792091e+06
2026-10-09 10:00:00,0.01966529194689879,0.01967327465560904,0.019660198366310142,0.019668904181193284,0.0004979848671173853,Reliable,-41375.6435854952,-53390.898802508615,-90187.46149089864,407797.85597270454,419297.4987749002,460900.311590005
2026-10-09 10:15:00,0.019669077427228333,0.019741344126530468,0.019669077427228333,0.019740637036824278,0.006285583015863905,Reliable,-341247.0135337182,-353007.33819069737,-389657.55761504994,57479.81956947398,69081.847396631,111272.77340610647
2026-10-09 10:30:00,0.019741057224936954,0.023865537599915092,0.019741057224936954,0.0228534459546659,0.02337158540649755,Moderate,-24528.56087495414,-41305.96249318937,-72656.00694697445,25401.902023370385,51665.46894019316,147147.84935776133
2026-10-09 10:45:00,0.022838036258114924,0.023006908306730085,0.022701713189965823,0.023006908306730085,0.009757676580151142,Reliable,-29915.858510219747,-41836.346552526185,-68299.60364403817,41293.195106263,65736.24234521098,154071.9207019027
2026-10-09 11:00:00,0.02300694649035352,0.02325324464632995,0.02300694649035352,0.023201627805969797,0.009482740924655,Reliable,-57057.43129516361,-67093.19271625123,-93448.38195814985,29132.323387857727,45223.71711727034,109212.66527467179
2026-10-09 11:15:00,0.023201046667242035,0.02323736592898108,0.023014392274890185,0.023014392274890185,0.01357654016863057,Moderate,-24008.328851808415,-35591.35321630059,-62026.043224382025,31799.128184071622,47957.0844980981,109946.70403753716
2026-10-09 11:30:00,0.023010228254379112,0.02301227429220316,0.02283438043730813,0.02301227429220316,0.01367360682952834,Moderate,-14485.025104550954,-26086.789197743317,-52522.721089808976,17489.793349195817,29556.705105311157,78505.35819777106
2026-10-09 11:45:00,0.02301131545160261,0.023016715724774272,0.022912035432874452,0.02299706141877714,0.01142627962164305,Moderate,-19192.245992341057,-30861.675916441996,-57054.136213316546,30932.946394968603,42942.50565223495,91569.73474285254
2026-10-09 12:00:00,0.022997847835559172,0.023329150132075586,0.02278151770197751,0.023329150132075586,0.018133172605503088,Moderate,-13367.959344982672,-22086.674300930248,-48080.69924963892,18645.01225298979,31849.222396571287,80869.47017318022
2026-10-09 12:15:00,0.02333606909777247,0.02386969827055545,0.02333606909777247,0.023656356673631303,0.018663997624105755,Moderate,-16156.240116368408,-23587.889895570774,-49374.275296565684,13741.181307398154,25983.813987186044,74153.10673222857
2026-10-09 12:30:00,0.02365481666149708,0.02365481666149708,0.023322001061981318,0.023322001061981318,0.014612721045943555,Moderate,-64242.81153372703,-73641.6468251191,-99649.87499215039,54115.78310950794,65276.948472733435,113758.62393929703
2026-10-09 12:45:00,0.023307034103754305,0.023307034103754305,0.02288557837401647,0.02288557837401647,0.01605486801838656,Moderate,-131664.3035615551,-146532.3298449188,-173734.11928948894,134235.57862711663,145739.19959987234,194292.69884454116
2026-10-09 13:00:00,0.02288557223983596,0.022918608717477865,0.02283471560773637,0.02283471560773637,0.001261104358566102,Reliable,-197867.4611122143,-210329.6464991393,-237897.5257832964,133676.9576113391,145173.895422556,193744.065945001
2026-10-09 13:15:00,0.022834380488186413,0.022977026760741037,0.02282588032392047,0.022974602557008436,0.0025490562954649577,Reliable,-118759.85722035824,-130719.29813758224,-157443.29900807192,261160.27758046382,272691.5009210637,321189.04417778295
2026-10-09 13:30:00,0.022973627161011475,0.023014746228637323,0.02294168102309974,0.023014432694916466,0.003016994433018505,Reliable,-108973.56057749383,-120625.66373503662,-147275.65204133195,369702.409411499,381243.4745378759,429733.8763248753
2026-10-09 13:45:00,0.023014927364755296,0.02310462298493161,0.022965793229405077,0.022965793229405077,0.0033987798390579193,Reliable,-126925.75621997254,-138953.87244465412,-165694.6390538031,257312.22299639473,268841.3889387038,317306.40900274145
2026-10-09 14:00:00,0.022965661379300478,0.023276180531884454,0.022962377042534506,0.023276180531884454,0.0032621290869115694,Reliable,-310997.1605140926,-320666.89633955184,-346825.87456309923,178756.57066093234,190657.78513681458,239106.96326815485
2026-10-09 14:15:00,0.02327636471024064,0.02348826686386697,0.02326250373567213,0.023412622009012278,0.005350829381075695,Reliable,-22618.878888246512,-31198.727886758068,-57180.760504320315,31705.238214054072,44444.547312282535,92950.93136666456
2026-10-09 14:30:00,0.023408200979488446,0.023408200979488446,0.023221311414310646,0.023221311414310646,0.002647732283908022,Reliable,-203076.43090237112,-213174.0004054744,-239457.70430383217,72366.97527161271,83970.72059157428,132432.6749136641
2026-10-09 14:45:00,0.02322058181903223,0.02322058181903223,0.023025814432020845,0.023025814432020845,0.008342145391594924,Reliable,-143556.92461918973,-155139.6004210852,-181812.8484895419,577628.2117907743,589189.8610147948,637687.6262169717
2026-10-09 15:00:00,0.02302531598977014,0.02356147683861617,0.022897776982055442,0.02356147683861617,0.017574725090617194,Moderate,-12478.350429300395,-20421.271305121216,-46371.07052674328,16446.980070647704,30098.69484658745,78662.39605937444
2026-10-09 15:15:00,0.02356457304446338,0.0236593887058546,0.02351993643765993,0.023592850759380984,0.014591567922775184,Moderate,-137471.1538322446,-145370.18334493937,-171297.39240055752,17480.888513043294,30332.45658101673,78903.26748455015
2026-10-09 15:30:00,0.023593096788606896,0.023650168108227662,0.023527169280149675,0.02352785256177046,0.0022665375612467287,Reliable,-163889.2312290112,-171879.1514145054,-197840.66983888097,1.2462972194530938e+06,1.2589242493577693e+06,1.307480325666264e+06
2026-10-09 15:45:00,0.023528142662128538,0.023645214419431605,0.023516945863823583,0.02364413521843067,0.007949163271654642,Reliable,-82594.35836115865,-90421.56427163696,-116261.95021324349,25538.16418896241,38566.677700605745,87152.98491619863
2026-10-09 16:00:00,0.023642886187766634,0.023642886187766634,0.023329079056054258,0.023329251092224872,0.004408871218779355,Reliable,-373581.063828998,-382898.6350936337,-409000.8570648286,330728.7544113705,342670.17965461453,391185.2054960268
2026-10-09 16:15:00,0.02332918271510266,0.02335832429816097,0.023215577514950896,0.023215577514950896,0.006824953637086928,Reliable,-471730.22191538784,-481937.51451423304,-508256.6289915133,145970.27734143005,157580.285868617,206068.31278900927
2026-10-09 16:30:00,0.0232155771448337,0.02325287515595956,0.0232155771448337,0.02325009262163085,0.001086984839360916,Reliable,-408651.2841103344,-418588.70334187854,-444842.0510860901,181759.9164200382,193426.6809973414,241867.25864416666
2026-10-09 16:45:00,0.02325039853918574,0.02328985779257965,0.023224369729543195,0.023224557593637934,0.001865878226568543,Reliable,-243351.5825421655,-253488.68033790198,-279790.6912390443,87531.28119006078,99143.47954506104,147577.20432020104
2026-10-09 17:00:00,0.023224474283622006,0.023224474283622006,0.023024560000229934,0.023024775384686526,0.006993975640270022,Reliable,-51414.11952340093,-63007.21142669924,-89688.46233241953,171695.66724009157,183259.04740799396,231697.77986405298
2026-10-09 17:15:00,0.02302455810635935,0.02308048982314524,0.023018889963198893,0.023034856736544318,0.002875946833298082,Reliable,-62608.196628464655,-74125.27595656841,-100787.94750855237,258940.42654116894,270506.4201950603,318944.395309014
2026-10-09 17:30:00,0.023033858712772286,0.023130253914208195,0.023032447582001514,0.023130253914208195,0.0007385169749773108,Reliable,-68390.34702779178,-79185.98803114638,-105667.84207306527,423052.2456901966,434641.57182720455,483066.7194838406
2026-10-09 17:45:00,0.023131303375402586,0.023324658465447373,0.023131303375402586,0.023324658465447373,0.0023006063991334092,Reliable,-314475.52231401624,-323796.1007873517,-349907.59879196563,268976.50090895686,281018.5988647781,329479.7700198392
2026-10-09 18:00:00,0.023324917972364072,0.023377292985633385,0.023324917972364072,0.023364925690625288,0.0010230900901538886,Reliable,-381315.34510066867,-390335.3880044155,-416371.78387378197,453481.2229661527,465546.2311654612,514020.51500518445
2026-10-09 18:15:00,0.023365071031405216,0.023457023844973706,0.02335299447704499,0.023457023844973706,0.0013715390227313495,Reliable,-264023.36624935863,-272204.06630448945,-298196.8431926847,730446.0925658017,742851.0359954946,791345.2218563462
2026-10-09 18:30:00,0.023457089829931863,0.023469703596508372,0.023354778303741323,0.023354778303741323,0.0023416763832473366,Reliable,-410401.7305638181,-419499.51688107854,-445555.3314381643,448647.749553481,460675.78425030335,509147.35133558506
2026-10-09 18:45:00,0.023354683550714662,0.02335637904500774,0.023330894830602154,0.02333416174684007,0.0011108274640458048,Reliable,-362859.84445132274,-372094.6815916248,-398190.00119835197,334643.9996008616,346509.07810571534,394975.2117498116
2026-10-09 19:00:00,0.023333499188204605,0.023333528203527045,0.023235323988440828,0.023235323988440828,0.001050276961713914,Reliable,-377777.49457482947,-387752.98615575914,-414037.0858048136,146149.3220943673,157669.175390278,206108.9508438191
2026-10-09 19:15:00,0.02323519623035953,0.023242071604135196,0.02322863279217155,0.023229043150864742,0.0008958532100276529,Reliable,-488134.15513828665,-498156.7514142435,-524453.1769939848,174568.62547078985,186087.66844789154,234526.18810753277
2026-10-09 19:30:00,0.02322918090289699,0.02323992176698423,0.023168598712761713,0.023177876147592147,0.0033521910604074278,Reliable,-166028.2697362168,-176433.56815161553,-202827.38777993433,38718.19694010276,50235.43078499054,98660.20470775278
2026-10-09 19:45:00,0.02317743122601894,0.023204435038860466,0.02315807592604182,0.023203770296358842,0.0014202150908967591,Reliable,-255008.42163991302,-265218.5626765092,-291557.47095721273,73361.3911080287,84877.88346443346,133302.75763369002
2026-10-09 20:00:00,0.023204190274759465,0.02321462354525484,0.02319142597121668,0.023210880662574235,0.0007523570326168017,Reliable,-450148.90350686904,-460305.8249906957,-486631.07588718703,132482.31837756105,143999.02649446248,192425.66325678414
2026-10-09 20:15:00,0.02321635386239834,0.02326315900830034,0.02321635386239834,0.023241765050917518,0.0007964683349203306,Reliable,-454960.20582008664,-464886.00691979635,-491152.4207487528,185844.42254007517,197385.21086695677,245820.13580753392
2026-10-09 20:30:00,0.023241762717977857,0.023241762717977857,0.022643726704288512,0.022643726704288512,0.009225937101769333,Reliable,-18973.522356488287,-31473.71204757544,-59982.329863898805,192578.21248982745,204046.24730818244,252469.04943704803
2026-10-09 20:45:00,0.02264350421767075,0.02274286742502784,0.02260924597021671,0.02274286742502784,0.012749825151364462,Moderate,-24852.011776453524,-37478.4404942935,-65176.084932061494,16818.12748078138,29086.108746798218,77932.0279741387
2026-10-09 21:00:00,0.022743405789675496,0.022769786400395935,0.022741648281374524,0.022769489092358843,0.0013931945818424385,Reliable,-434979.80831149087,-447202.4768895984,-474679.24869019253,155529.61633999067,167804.77564983504,216681.7693238828
2026-10-09 21:15:00,0.022769646429738166,0.02283460593209744,0.022769646429738166,0.022818876435330707,0.0008566882821758438,Reliable,-437498.7770179628,-449420.8035754298,-476487.43058680085,253228.8402474154,265461.08156013524,314395.6751050734
2026-10-09 21:30:00,0.022818744427287062,0.022879824553333105,0.022763913809045633,0.02277554133250907,0.001370815514523449,Reliable,-24889.117979908522,-36860.96190574459,-64292.03460916413,16150.581233034347,28428.58288874224,77314.99840398107
2026-10-09 21:45:00,0.0227715651099494,0.0227715651099494,0.022732430172331335,0.022742119834522602,0.0013160060815794261,Reliable,-437061.5788104053,-448903.3284433464,-476424.61427425384,113695.7289956697,125785.2899465088,173887.55421087152
2026-10-09 22:00:00,0.02274229061383588,0.022745290330147886,0.022698267456113773,0.022705697905556092,0.0011637321675542767,Reliable,-155775.48523336425,-167657.7152862834,-195470.30419591398,29815.465505134747,41895.341748217324,89639.64580433359
2026-10-09 22:15:00,0.02270531661992508,0.022772868223009442,0.022702093466391113,0.022772868223009442,0.0011608504425741906,Reliable,-425524.0731830169,-437331.6110625101,-464606.7616927145,157835.4346331339,169933.1656436202,217760.54725622744
2026-10-09 22:30:00,0.022772408999217984,0.022924327101476245,0.022770921319209745,0.022924327101476245,0.002341789639693381,Reliable,-109137.43557131023,-120662.21421950495,-146835.93044878345,152179.02049515847,164125.81320173646,212127.61828670077
2026-10-09 22:45:00,0.022924894852481732,0.023111351107481703,0.022924894852481732,0.022989385582989373,0.002490198852152492,Reliable,-17791.61017185826,-29336.920546698355,-55488.68711046017,26200.338585960642,38073.83927544818,85557.48114227902
2026-10-09 23:00:00,0.022989185296936394,0.022989185296936394,0.02294226072471478,0.022943181356704662,0.0009003732880951132,Reliable,-368482.8630845256,-380434.34565747256,-406601.7147864769,626781.8036906723,638702.0944860539,686127.8457215341
2026-10-09 23:15:00,0.02294308279672768,0.022948025925076755,0.022914265997133736,0.022914265997133736,0.0006698444881851895,Reliable,-145106.22781705865,-157288.06746972108,-183465.16598270423,187865.83127130408,199815.4280508152,247208.06890631796
2026-10-09 23:30:00,0.02291407236271694,0.02291407236271694,0.0228142849315481,0.02283341863077727,0.0018661054473800842,Reliable,-347215.8785806572,-359427.1557662282,-386311.11845617695,229413.87467154226,241344.9234300538,288745.4821434914
2026-10-09 23:45:00,0.022833614276364118,0.02287955710462421,0.022833614276364118,0.022847263656567408,0.0008717608645020247,Reliable,-432304.6030410629,-444518.0505936329,-471273.86159554805,321207.916886929,333142.74365778,380541.3541377636
2026-10-10 00:00:00,0.022847263656568004,0.02290330969609754,0.022846944541672402,0.02290330969609754,0.0008346890965083454,Reliable,-392670.1199311222,-404892.33716375084,-431128.9308167175,470090.4362554502,482040.545111925,529431.2749743292
2026-10-10 00:15:00,0.02290304845905617,0.02296565050686556,0.022902920345893637,0.02296565050686556,0.001266748259455741,Reliable,-276480.5556897631,-288250.8933013615,-314410.6834641153,578455.8078757079,590363.3992552827,637814.8650463166
2026-10-10 00:30:00,0.02296557427330557,0.02309207355479625,0.022954365024109996,0.02309207355479625,0.004520313134517284,Reliable,-21726.451332911034,-32396.816369853685,-58513.66143677693,210368.51534069143,222163.8740844198,269759.789332173
2026-10-10 00:45:00,0.02309233473400527,0.023097712968305147,0.023045734362831038,0.023061462637010137,0.0009461762799919615,Reliable,-151371.11280439483,-162311.384108625,-188438.6744284505,1.138647284210945e+06,1.150471141843292e+06,1.1980321177774987e+06
2026-10-10 01:00:00,0.023061642633581174,0.023095012599345852,0.023035664811006596,0.023067387938738998,0.002022028002580801,Reliable,-56259.963776423676,-67163.28499379994,-93288.5557792122,418199.97100464924,430029.6391594255,477597.3800443757
2026-10-10 01:15:00,0.023067493148782942,0.02307051546080587,0.02301738262724978,0.023017478935103936,0.0016169276591290415,Reliable,-92720.54378269757,-104097.18768974049,-130355.76374000829,321931.30572217674,333839.61948937975,381491.69175533636
2026-10-10 01:30:00,0.023019830613584282,0.02303713345415143,0.02301840378908013,0.02303713345415143,0.0006545983129521371,Reliable,-155181.05359609067,-166383.86160300707,-192635.8117482867,746444.4392515753,758335.2657470205,806009.8561003638
2026-10-10 01:45:00,0.023037303401044075,0.023400044818955794,0.023037303401044075,0.023400044818955794,0.0037361776473221475,Reliable,-47378.14925617444,-55357.16052527326,-81484.55042003436,69707.53585375799,81922.74802253772,130221.5728011716
2026-10-10 02:00:00,0.02340159273355909,0.02424548496476122,0.02340159273355909,0.02424548496476122,0.017397669290547136,Moderate,-111363.76634254011,-119015.42800178738,-143982.5537248839,79123.79211516236,94077.84406293271,143603.81880308085
2026-10-10 02:15:00,0.024250384572211944,0.024328682196274643,0.02421510229701895,0.02421510229701895,0.013396416205622241,Moderate,-14930.474045280265,-22619.823174420675,-47637.570759487135,31011.13033692144,45929.72501899017,95300.51217250338
2026-10-10 02:30:00,0.024215416268836578,0.02443762790279311,0.024215416268836578,0.02441880919308288,0.0025292156471234933,Reliable,-109787.34888536662,-117223.88812462366,-141913.29656702265,314550.70984089124,328333.17985026183,378611.3281548257
2026-10-10 02:45:00,0.02441840360190761,0.02460338051049572,0.02433860706486091,0.02460338051049572,0.00697119521924403,Reliable,-58464.90174123736,-65898.79534920644,-90293.30721601128,17060.533310352126,30038.479551514032,80140.06521698
2026-10-10 03:00:00,0.024605649827832306,0.0246139226373178,0.02416422963148537,0.02416422963148537,0.00679300385258319,Reliable,-56807.914338832656,-65175.09413961636,-91056.2090411477,26877.388388051804,40510.09803007102,89195.17882477088
2026-10-10 03:15:00,0.02416323535468065,0.02416323535468065,0.02404051432895565,0.024122891608638466,0.01901525982417855,Moderate,-175510.04535409095,-183817.23772304633,-209828.54027735235,40621.75528917467,54281.72801757156,103436.51614972009
2026-10-10 03:30:00,0.024122409311972765,0.02412411566491706,0.02408077535098591,0.02411071980688788,0.002542340705230517,Reliable,-390009.5464934922,-398316.0777872888,-424365.68502524187,63305.09813938353,76961.4901742501,126069.55311032884
2026-10-10 03:45:00,0.024110944039631745,0.024227111300485136,0.024110944039631745,0.024227111300485136,0.0015929709653326185,Reliable,-218012.00264893094,-226324.8485357699,-252007.7415904905,128465.38364732923,142168.28556198775,189348.00986486409
2026-10-10 04:00:00,0.024227382437995555,0.024370936896741104,0.02419990862857196,0.02419990862857196,0.004051273010546752,Reliable,-146256.25869624407,-154637.76548946352,-180535.76972179313,71770.11560511531,85507.91258867303,132730.5797631852
2026-10-10 04:15:00,0.024199545627509055,0.024199545627509055,0.023933708345551277,0.023933708345551277,0.010367623707118412,Moderate,-13747.84881290415,-22124.914101330567,-48848.401266075925,24060.32759607333,37444.3189764883,83535.52158601159
2026-10-10 04:30:00,0.023930310351567778,0.024129254905406,0.023930261346499174,0.024129254905406,0.003455455585609135,Reliable,-211610.68638389418,-219988.2736171148,-246116.9849300196,51459.18105498573,65101.04847479769,112021.60570190143
2026-10-10 04:45:00,0.024130046518843463,0.024316504824782523,0.024130046518843463,0.024316504824782523,0.0021576365822032484,Reliable,-222655.79988238137,-231043.73844462665,-256560.135659405,263340.97149121563,277255.3472425384,324975.7378387089
2026-10-10 05:00:00,0.024316899304192358,0.02450986699346173,0.024316899304192358,0.02450986699346173,0.001329113832225204,Reliable,-18647.487333653924,-26811.056202776712,-51936.80381990096,155410.9528499032,169425.38172379925,218155.06301065546
2026-10-10 05:15:00,0.024510223893021398,0.024844633636863702,0.024510223893021398,0.024840619935609338,0.00298216144772554,Reliable,-235474.53875385434,-244984.2118071719,-269462.3968567923,357032.18959806615,368599.8343525821,415956.41018631466
2026-10-10 05:30:00,0.024840485785377647,0.024863269886404516,0.02473864818267252,0.024863269886404516,0.0014147312439782818,Reliable,-177330.110126661,-186731.93007432934,-211183.33856684613,322791.18059885263,334288.0723137668,381702.46244450985
2026-10-10 05:45:00,0.02486306383991102,0.02486306383991102,0.024631190214524253,0.024631190214524253,0.0017614580618254161,Reliable,-416163.87020563707,-425997.00332450063,-451447.03825858375,101528.63060406607,113591.48224904232,160497.49483968684
2026-10-10 06:00:00,0.024631345806998647,0.02466434559583684,0.024601164232893033,0.02464438580226263,0.0017836880248521592,Reliable,-250006.6742968003,-259824.9236297637,-285208.9149677677,74000.14018235193,86068.62019439967,133003.3492137984
2026-10-10 06:15:00,0.02464384436128738,0.024806596520777532,0.024625928551553128,0.024709794323842436,0.001705313315265844,Reliable,-322495.9209963588,-332240.1071827429,-357295.84912338277,183756.384568367,196609.3535259565,243685.39122659375
2026-10-10 06:30:00,0.024709652487359835,0.024737696819713717,0.024528873541244924,0.024528873541244924,0.0015855844819836484,Reliable,-13040.62333057842,-22989.344470020802,-48951.09967924442,79915.26281163434,91934.81539532033,138621.611878044
2026-10-10 06:45:00,0.02452731266009353,0.024584783798919135,0.024516289595136808,0.02454607201974658,0.002354020951022995,Reliable,-176928.6179044066,-186858.42183758493,-212736.55724773105,11469.139152918564,23481.774858714485,70195.71891971475
2026-10-10 07:00:00,0.024546896064441263,0.024577894289342733,0.024362141173126038,0.024362141173126038,0.003869589553538599,Reliable,-141098.35101646135,-151306.11388679824,-178095.55359477177,236669.43524806484,248594.00502472997,294923.8815893934
2026-10-10 07:15:00,0.02436172523443715,0.0243995109576805,0.024277813903111553,0.024277813903111553,0.0018485232236743032,Reliable,-155960.44206983977,-166309.0876841328,-193594.58889197872,151398.3515345846,167071.38881026005,213340.92465489375
2026-10-10 07:30:00,0.02427762459071695,0.02429137808701799,0.023934923015656927,0.023934923015656927,0.011067559019909634,Moderate,-11097.536468649974,-21745.769339931197,-51134.024263141284,12430.91129930806,23842.24867056413,69719.13950232252
2026-10-10 07:45:00,0.02393228699148448,0.02393228699148448,0.023720444924175625,0.02375604958870963,0.018626582505519785,Moderate,-257799.84348740213,-267929.3485446307,-295479.64238826866,159651.43914809034,170838.33275560406,216523.30269617177
2026-10-10 08:00:00,0.02375638888825327,0.023776288878179844,0.02373561843674637,0.02373858771526081,0.0010771066031279642,Reliable,-205217.27275276234,-215360.34586663742,-243068.20058263984,110874.53813845974,122054.19246207389,167782.16573048546
2026-10-10 08:15:00,0.023738323133293323,0.02375395559313947,0.023684618172564762,0.02375395559313947,0.0013039869740987253,Reliable,-101811.42136738368,-111955.03468431244,-139570.01076883357,83853.94013340476,97227.11660276983,142969.74223472676
2026-10-10 08:30:00,0.023753776513531197,0.023784020887020602,0.023735732929720615,0.023735732929720615,0.0010895415254888797,Reliable,-155916.19994877893,-166066.0524257247,-193792.4521854268,83711.89342732998,94893.95444004872,140617.2341560376
2026-10-10 08:45:00,0.023735949980876525,0.023865290227054175,0.023707218210143245,0.023809196051809475,0.005537788959028012,Reliable,-55740.19081071035,-65892.66856825899,-93174.09030091789,54080.41427714769,65334.19067604373,111135.63120280768
2026-10-10 09:00:00,0.02380924264262939,0.023847332566633715,0.02380924264262939,0.023820002898734646,0.0011291775538581073,Reliable,-129483.55918060643,-139636.90289532207,-166854.5704742439,134571.14710251664,145839.48726623962,191654.5705964552
2026-10-10 09:15:00,0.02381960934366106,0.023821465107992493,0.02370584247643623,0.02374553618237134,0.0019301923509508878,Reliable,-199941.52889988667,-210092.2657767849,-237761.28277252856,114631.94338023245,125803.50458188556,171539.59031647156
2026-10-10 09:30:00,0.023744926715442028,0.02375592122552489,0.023600515950174376,0.023600515950174376,0.0021984252062150064,Reliable,-90770.8762266258,-100212.81677252272,-127887.656420147,14765.421218534446,25857.595006762356,71442.58565851326
2026-10-10 09:45:00,0.023598156239757053,0.023598156239757053,0.023442250168841102,0.023443426273000813,0.003635137935671118,Reliable,-46622.422616104894,-56797.60543824147,-85037.49276703833,95213.23906702928,107030.95666394968,152536.17527552915
2026-10-10 10:00:00,0.023443984149375065,0.023521444548171386,0.023434734565666585,0.023521444548171386,0.008146006480445944,Reliable,-16526.27033823514,-26491.12521597808,-54460.09066384758,38338.6607385107,50177.18610963664,95860.22559735889
2026-10-10 10:15:00,0.023521845653142616,0.02352361935355784,0.023521845653142616,0.02352361935355784,0.0008201363711803911,Reliable,-121665.86573386654,-131628.0681298556,-159589.52261954884,829856.5124642097,841695.6319698265,887383.6845080173
